character,wiki,race,date_of_birth,gender,date_of_death,hair,height,realm,spouse
Adanel,http://lotr.wikia.com//wiki/Adanel,Human,,Female,,,,,Belemir
Adrahil I,http://lotr.wikia.com//wiki/Adrahil_I,Human,"Before ,TA 1944",Male,"Late ,Third Age",,,,
Adrahil II,http://lotr.wikia.com//wiki/Adrahil_II,Human,TA 2917,Male,TA 3010,,,,Unnamed wife
Aegnor,http://lotr.wikia.com//wiki/Aegnor,Elf,"YT during the ,Noontide of Valinor",Male,FA 455,Golden,,,"Loved ,Andreth but remained unmarried"
Aerin,http://lotr.wikia.com//wiki/Aerin,Human,"Mid ,First Age",Female,FA 495,,,,Brodda
Ailinel,http://lotr.wikia.com//wiki/Ailinel,Human,"Between ,SA 700, and ,SA 750",Female,"Early ,Second Age",,,,Orchaldor
Aglahad,http://lotr.wikia.com//wiki/Aglahad,Human,TA 2827,Male,TA 2932,,,,Unnamed wife
Algund,http://lotr.wikia.com//wiki/Algund,Human,"Late ,First Age",Male,FA 489,,,,None known
Almiel,http://lotr.wikia.com//wiki/Almiel,Human,"Between ,SA 700, and ,SA 750",Female,"Early ,Second Age",,,,
Alphros,http://lotr.wikia.com//wiki/Alphros,Human,TA 3017,Male,FO 95,,,,
Almarian,http://lotr.wikia.com//wiki/Almarian,Human,,Female,,,,Númenor,Tar-Meneldur
Amandil,http://lotr.wikia.com//wiki/Amandil,Human,"Late ,Second Age",Male,Sailed West either SA 3310 fate unknown,,,,Unnamed wife
Amarië,http://lotr.wikia.com//wiki/Amari%C3%AB,Elf,YT,Female,Still alive,,,,"Loved ,Finrod, but it is unknown whether they married"
Aldor,http://lotr.wikia.com//wiki/Aldor,Human,TA 2544,Male,TA 2645,,,Rohan,Unnamed wife
Aldamir,http://lotr.wikia.com//wiki/Aldamir,Human,TA 1330,Male,TA 1540,,,Gondor,Unnamed wife
Amlaith,http://lotr.wikia.com//wiki/Amlaith,Human,TA 726,Male,TA 946,,,Arthedain,Unnamed wife
Amroth,http://lotr.wikia.com//wiki/Amroth,Elf,,Male,TA 1981,Golden,,Lórien,Nimrodel
Amrothos,http://lotr.wikia.com//wiki/Amrothos,Human,TA 2994,Male,,,,,
Anairë,http://lotr.wikia.com//wiki/Anair%C3%AB,Elf,YT,Female,,,,,Fingolfin
Anardil,http://lotr.wikia.com//wiki/Anardil,Human,TA 136,Male,TA 411,,,Gondor,Unnamed wife
Anborn,http://lotr.wikia.com//wiki/Anborn,Human,"Late ,Third Age",Male,,Dark,,,
Andreth,http://lotr.wikia.com//wiki/Andreth,Human,FA 361,Female,FA 455,Dark brown,,,"Loved ,Aegnor, but they never married"
Andróg,http://lotr.wikia.com//wiki/Andr%C3%B3g,Human,FA 440,Male,FA 489,,,,Unnamed wife
Amras,http://lotr.wikia.com//wiki/Amras,Elf,Years of the Trees,Male,FA 538,Dark red,,Estolad,
Angamaitë,http://lotr.wikia.com//wiki/Angamait%C3%AB,Human,"Mid-,Third Age",Male,,,,,
Amdír,http://lotr.wikia.com//wiki/Amd%C3%ADr,Elf,"Sometime during ,Years of the Trees, or the ,First Age",Male,SA 3434,,,Lórien,Unnamed wife
Amrod,http://lotr.wikia.com//wiki/Amrod,Elf,Years of the Trees,Male,"YT 1497 ,Losgar",Dark red,,,
Annael,http://lotr.wikia.com//wiki/Annael,Elf,,Male,,,,,
Angbor,http://lotr.wikia.com//wiki/Angbor,Human,"Late ,Third Age",Male,,,,,
Angelimir,http://lotr.wikia.com//wiki/Angelimir,Human,TA 2866,Male,TA 2977,,,,Unnamed wife
Angrod,http://lotr.wikia.com//wiki/Angrod,Elf,YT,Male,FA 455,Golden,,,Eldalótë
Anárion,http://lotr.wikia.com//wiki/An%C3%A1rion,Human,SA 3219,Male,SA 3440,,,Gondor,Unnamed wife
Ar-Adûnakhôr,http://lotr.wikia.com//wiki/Ar-Ad%C3%BBnakh%C3%B4r,Human,SA 2709,Male,SA 2962,,,Númenor,Unnamed wife
Ar-Gimilzôr,http://lotr.wikia.com//wiki/Ar-Gimilz%C3%B4r,Human,SA 2960,Male,SA 3177,,,Númenor,Inzilbêth
Ar-Zimrathôn,http://lotr.wikia.com//wiki/Ar-Zimrath%C3%B4n,Human,SA 2798,Male,SA 3033,,,Númenor,Unnamed wife
Ar-Pharazôn,http://lotr.wikia.com//wiki/Ar-Pharaz%C3%B4n,Human,SA 3118,Male,Still alive,,Tall,Númenor,Tar-Míriel
Ar-Sakalthôr,http://lotr.wikia.com//wiki/Ar-Sakalth%C3%B4r,Human,SA 2876,Male,SA 3102,,,Númenor,Unnamed wife
Arador,http://lotr.wikia.com//wiki/Arador,Human,TA 2820,Male,TA 2930,"Dark, then grey (film)",,,Unnamed wife
Araglas,http://lotr.wikia.com//wiki/Araglas,Human,TA 2296,Male,TA 2455,,,,Unnamed wife
Aragorn I,http://lotr.wikia.com//wiki/Aragorn_I,Human,TA 2227,Male,TA 2327,,,,Unnamed wife
Aragorn II Elessar,http://lotr.wikia.com//wiki/Aragorn_II_Elessar,Human,"March 1 ,2931",Male,FO 120,Dark,"198cm (6'6"")","Reunited Kingdom,Arnor,Gondor",Arwen
Aragost,http://lotr.wikia.com//wiki/Aragost,Human,TA 2431,Male,TA 2588,,,,Unnamed wife
Arahad I,http://lotr.wikia.com//wiki/Arahad_I,Human,TA 2365,Male,TA 2523,,,,Unnamed wife
Arahad II,http://lotr.wikia.com//wiki/Arahad_II,Human,TA 2563,Male,TA 2719,,,,Unnamed wife
Arahael,http://lotr.wikia.com//wiki/Arahael,Human,TA 2012,Male,TA 2177,,,,Unnamed wife
Aranarth,http://lotr.wikia.com//wiki/Aranarth,Human,TA 1938,Male,TA 2106,,,,Unnamed wife
Arantar,http://lotr.wikia.com//wiki/Arantar,Human,TA 185,Male,TA 435,,,Arnor,Unnamed wife
Aranuir,http://lotr.wikia.com//wiki/Aranuir,Human,TA 2084,Male,TA 2247,,,,Unnamed wife
Aranwë,http://lotr.wikia.com//wiki/Aranw%C3%AB,Elf,,Male,,,,,Unnamed wife
Araphant,http://lotr.wikia.com//wiki/Araphant,Human,TA 1789,Male,TA 1964,,,Arthedain,Unnamed wife
Arathorn I,http://lotr.wikia.com//wiki/Arathorn_I,Human,TA 2693,Male,TA 2848,,,,Unnamed wife
Arathorn II,http://lotr.wikia.com//wiki/Arathorn_II,Human,TA 2873,Male,TA 2933,Dark (film),,,Gilraen
Araval,http://lotr.wikia.com//wiki/Araval,Human,TA 1711,Male,TA 1891,,,"Arthedain,Arnor",Unnamed wife
Aravir,http://lotr.wikia.com//wiki/Aravir,Human,TA 2156,Male,TA 2319,,,,Unnamed wife
Aravorn,http://lotr.wikia.com//wiki/Aravorn,Human,TA 2497,Male,TA 2654,,,,Unnamed wife
Arciryas,http://lotr.wikia.com//wiki/Arciryas,Human,"After ,TA 1684",Male,,,,,Unnamed wife
Arassuil,http://lotr.wikia.com//wiki/Arassuil,Human,TA 2628,Male,TA 2784,,,,Unnamed wife
Araphor,http://lotr.wikia.com//wiki/Araphor,Human,TA 1391,Male,TA 1589,,,Arthedain,Unnamed wife
Aratan,http://lotr.wikia.com//wiki/Aratan,Human,SA 3339,Male,,,,TA 2,"Unknown, possibly known"
Ardamir (son of Axantur),http://lotr.wikia.com//wiki/Ardamir_(son_of_Axantur),Human,SA 562,Male,,,,,
Aredhel,http://lotr.wikia.com//wiki/Aredhel,Elf,YT 1362,Female,FA 400,Dark,Tall,,Eöl
Argeleb I,http://lotr.wikia.com//wiki/Argeleb_I,Human,TA 1226,Male,TA 1356,,,"Arthedain,Arnor",Unnamed wife
Arminas,http://lotr.wikia.com//wiki/Arminas,Elf,,Male,,,,,
Arthad,http://lotr.wikia.com//wiki/Arthad,Human,"Late ,First Age",Male,FA 460,,,,
Arvedui,http://lotr.wikia.com//wiki/Arvedui,Human,TA 1864,Male,TA 1975,,,Arthedain,Fíriel
Arvegil,http://lotr.wikia.com//wiki/Arvegil,Human,TA 1553,Male,TA 1743,,,"Arthedain,Arnor",Unnamed wife
Arveleg I,http://lotr.wikia.com//wiki/Arveleg_I,Human,TA 1309,Male,TA 1409,,,"Arnor,Arthedain",Unnamed wife
Arveleg II,http://lotr.wikia.com//wiki/Arveleg_II,Human,TA 1633,Male,TA 1813,,,"Arthedain,Arnor",Unnamed wife
Argon,http://lotr.wikia.com//wiki/Argon,Elf,Years of the Trees,Male,"YT 1500, or ,FA 1 ,Battle of the Lammoth",Possibly dark,Tall,,
Argonui,http://lotr.wikia.com//wiki/Argonui,Human,TA 2757,Male,TA 2912,,,,Unnamed wife
Argeleb II,http://lotr.wikia.com//wiki/Argeleb_II,Human,TA 1473,Male,TA 1670,,,Arthedain,Unnamed wife
Atanatar II,http://lotr.wikia.com//wiki/Atanatar_II,Human,TA 977,Male,TA 1226,,,Gondor,Unnamed wife
Atanalcar,http://lotr.wikia.com//wiki/Atanalcar,Human,"After ,SA 61",Male,"Early ,Second Age",,,,Possible unnamed wife
Arwen,http://lotr.wikia.com//wiki/Arwen,Elf,TA 241,Female,FO 121,Black,,Reunited Kingdom,Aragorn II Elessar
Azaghâl,http://lotr.wikia.com//wiki/Azagh%C3%A2l,Dwarf,FA 214,Male,FA 473,,,,
Aulendil (Vardamir's son),http://lotr.wikia.com//wiki/Aulendil_(Vardamir%27s_son),Human,SA 213,Male,"Early ,Second Age",,,,Unnamed wife
Angelica Baggins,http://lotr.wikia.com//wiki/Angelica_Baggins,Hobbit,TA 2981,Female,"Early-,Fourth Age",Blonde,,,
Axantur,http://lotr.wikia.com//wiki/Axantur,Human,SA 395,Male,,,,,Unnamed wife
Balbo Baggins,http://lotr.wikia.com//wiki/Balbo_Baggins,Hobbit,TA 2767,Male,TA 2858,,,,Berylla (Boffin) Baggins
Atanatar I,http://lotr.wikia.com//wiki/Atanatar_I,Human,TA 480,Male,TA 748,,,Gondor,Unnamed wife
Belladonna (Took) Baggins,http://lotr.wikia.com//wiki/Belladonna_(Took)_Baggins,Hobbit,TA 2852,Female,TA 2934,Black,,,Bungo Baggins
Berylla (Boffin) Baggins,http://lotr.wikia.com//wiki/Berylla_(Boffin)_Baggins,Hobbit,TA 2772,Female,TA 2871,,,,Balbo Baggins
Bungo Baggins,http://lotr.wikia.com//wiki/Bungo_Baggins,Hobbit,TA 2846,Male,TA 2926,,,,
Dudo Baggins,http://lotr.wikia.com//wiki/Dudo_Baggins,Hobbit,TA 2911,Male,TA 3009,,,,Unnamed wife
Laura (Grubb) Baggins,http://lotr.wikia.com//wiki/Laura_(Grubb)_Baggins,Hobbit,TA 2814,Female,TA 2916,,,,Mungo Baggins
Fosco Baggins,http://lotr.wikia.com//wiki/Fosco_Baggins,Hobbit,TA 2864,male,TA 2960,,,,Ruby Bolger
Drogo Baggins,http://lotr.wikia.com//wiki/Drogo_Baggins,Hobbit,TA 2908,Male,TA 2980,,,,Primula Brandybuck
Frodo Baggins,http://lotr.wikia.com//wiki/Frodo_Baggins,Hobbit,"22 September ,TA 2968",Male,"Unknown (Last sighting ,September 29 ,3021,) (,SR 1421,)",Brown,"1.06m (3'6"")",,
Longo Baggins,http://lotr.wikia.com//wiki/Longo_Baggins,Hobbit,TA 2860,Male,TA 2950,,,,Camellia (Sackville) Baggins
Mungo Baggins,http://lotr.wikia.com//wiki/Mungo_Baggins,Hobbit,TA 2807,Male,TA 2900,,,,Laura Grubb
Peony (Baggins) Burrows,http://lotr.wikia.com//wiki/Peony_(Baggins)_Burrows,Hobbit,TA 2950,Female,,,,,Milo Burrows
Ponto Baggins,http://lotr.wikia.com//wiki/Ponto_Baggins,Hobbit,TA 2816,Male,TA 2911,,,,Mimosa Bunce
Ponto Baggins II,http://lotr.wikia.com//wiki/Ponto_Baggins_II,Hobbit,TA 2946,Male,,,,,Unnamed wife
Balin,http://lotr.wikia.com//wiki/Balin,Dwarf,TA 2763,Male,TA 2994,White,,,
Baragund,http://lotr.wikia.com//wiki/Baragund,Human,FA 420,Male,FA 460,,,,Unnamed wife
Porto Baggins,http://lotr.wikia.com//wiki/Porto_Baggins,Hobbit,TA 2948,Male,,,,,
Baran,http://lotr.wikia.com//wiki/Baran,Human,FA 289,Male,FA 380,,,Estolad,Unnamed wife
Bain,http://lotr.wikia.com//wiki/Bain,Human,TA 2925,Male,TA 3007,Brown (film),"1.76m / 5'9"" (film)",Dale,Unnamed wife
Baranor (Gondor),http://lotr.wikia.com//wiki/Baranor_(Gondor),Human,,,,,,,
Bard,http://lotr.wikia.com//wiki/Bard,Human,TA 2898,Male,TA 2977,Black (films),,Dale,Unnamed wife
Bard II,http://lotr.wikia.com//wiki/Bard_II,Human,TA 2985,Male,"Early ,Fourth Age",,"6'2""","Dale,Lake-town",
Beldir,http://lotr.wikia.com//wiki/Beldir,Human,FA 316,Male,,,,,Unnamed wife
Beldis,http://lotr.wikia.com//wiki/Beldis,Human,"Mid-,First Age",Female,,Brown,,,Handir
Barahir,http://lotr.wikia.com//wiki/Barahir,Human,FA 402,Male,FA 460,Possibly dark,,,Emeldir
Belecthor I,http://lotr.wikia.com//wiki/Belecthor_I,Human,TA 2545,Male,TA 2655,,,,Unnamed wife
Beleg of Arnor,http://lotr.wikia.com//wiki/Beleg_of_Arnor,Human,TA 811,Male,TA 1029,,,"Arnor,Arthedain",Unnamed wife
Belegorn,http://lotr.wikia.com//wiki/Belegorn,Human,TA 2074,Male,TA 2204,,,,Unnamed wife
Belegund,http://lotr.wikia.com//wiki/Belegund,Human,"Late ,First Age",Male,FA 460,,,,Unnamed wife
Belemir,http://lotr.wikia.com//wiki/Belemir,Human,FA 339,Male,,,,,Adanel
Belen,http://lotr.wikia.com//wiki/Belen,Human,FA 292,Male,,,,,Unnamed wife
Beorn,http://lotr.wikia.com//wiki/Beorn,Human,,Male,"Before the ,War of the Ring",Black,Tall,,
Bereg,http://lotr.wikia.com//wiki/Bereg,Human,FA 340,Male,,,,,
Beregond,http://lotr.wikia.com//wiki/Beregond,Human,TA 2700,Male,TA 2811,,,,Unnamed wife
Beregond (Captain),http://lotr.wikia.com//wiki/Beregond_(Captain),Human,TA 2976,Male,Fourth Age,,,,Unnamed wife
Berelach,http://lotr.wikia.com//wiki/Berelach,Human,"Early ,Fourth Age",Male,,,,,
Beren,http://lotr.wikia.com//wiki/Beren,Human,FA 432,Male,FA 466,Dark,Tall,,Lúthien Tinúviel
Baranor,http://lotr.wikia.com//wiki/Baranor,Human,FA 317,Male,,,,,Unnamed wife
Beren (Steward),http://lotr.wikia.com//wiki/Beren_(Steward),Human,TA 2655,Male,TA 2763,,,,Unnamed wife
Beren (Belemir's son),http://lotr.wikia.com//wiki/Beren_(Belemir%27s_son),Human,"Mid ,First Age",Male,,,,,Unnamed wife
Bergil,http://lotr.wikia.com//wiki/Bergil,Human,TA 3009,Male,,,,,
Barahir (Steward),http://lotr.wikia.com//wiki/Barahir_(Steward),Human,TA 2290,Male,TA 2412,,,Gondor,Unnamed wife
Bifur,http://lotr.wikia.com//wiki/Bifur,Dwarf,TA 2814,Male,UnknownFourth Age,Black/ Grey (film),"4'5"" (film)",,
Bilbo Baggins,http://lotr.wikia.com//wiki/Bilbo_Baggins,Hobbit,"22 September ,TA 2890",Male,"Unknown (Last sighting 29 SeptemberTA 3021,) (,SR 1421,)","Brown, later white","1.25m (4'1"")",,
Bladorthin,http://lotr.wikia.com//wiki/Bladorthin,Human,,Male,Late Third Age,,,"Lake-town,Dale,Rhûn,Dorwinion",
Black Serpent,http://lotr.wikia.com//wiki/Black_Serpent,Human,"Late ,Third Age",Male,"March 15 ,3019",,,,
Blanco,http://lotr.wikia.com//wiki/Blanco,Hobbit,TA 1560,Male,"Sometime after ,TA 1601",,,,
Belecthor II,http://lotr.wikia.com//wiki/Belecthor_II,Human,TA 2752,Male,TA 2872,,,,Unnamed wife
Bob,http://lotr.wikia.com//wiki/Bob,Hobbit,"Late ,Third Age",Male,"Early ,Fourth Age",,,,
Donnamira (Took) Boffin,http://lotr.wikia.com//wiki/Donnamira_(Took)_Boffin,Hobbit,TA 2856,Female,TA 2948,,,,Hugo Boffin
Daisy (Baggins) Boffin,http://lotr.wikia.com//wiki/Daisy_(Baggins)_Boffin,Hobbit,TA 2950,Female,,,,,Griffo Boffin
Bosco Boffin,http://lotr.wikia.com//wiki/Bosco_Boffin,Hobbit,TA 2767,Male,TA 2858,,,,Unnamed wife
Folco Boffin,http://lotr.wikia.com//wiki/Folco_Boffin,Hobbit,TA 2978,Male,"Early ,Fourth Age",,,,
Gerda (Boffin) Bolger,http://lotr.wikia.com//wiki/Gerda_(Boffin)_Bolger,Hobbit,TA 2904,Female,TA 3004,,,,Adalbert Bolger
Griffo Boffin,http://lotr.wikia.com//wiki/Griffo_Boffin,Hobbit,TA 2946,Male,,,,,Daisy Baggins
Hugo Boffin,http://lotr.wikia.com//wiki/Hugo_Boffin,Hobbit,TA 2854,Male,TA 2945,,,,Donnamira Took
Ivy (Goodenough) Boffin,http://lotr.wikia.com//wiki/Ivy_(Goodenough)_Boffin,Hobbit,"Late ,Third Age",Female,Late Third Age,,,,Buffo Boffin
Basso Boffin,http://lotr.wikia.com//wiki/Basso_Boffin,Hobbit,TA 2769,Male,,,,,
Otto Boffin,http://lotr.wikia.com//wiki/Otto_Boffin,Hobbit,TA 2812,Male,TA 2900,,,,Lavender Grubb
Rollo Boffin,http://lotr.wikia.com//wiki/Rollo_Boffin,Hobbit,TA 2860,Male,,,,,Lavender Grubb
Tosto Boffin,http://lotr.wikia.com//wiki/Tosto_Boffin,Hobbit,TA 2988,Male,"Early-,Fourth Age",,,,
Vigo Boffin,http://lotr.wikia.com//wiki/Vigo_Boffin,Hobbit,,,,,,,
Druda Burrows Boffin,http://lotr.wikia.com//wiki/Druda_Burrows_Boffin,Hobbit,"before ,TA 2860",Female,,,,,Rollo Boffin
Filibert Bolger,http://lotr.wikia.com//wiki/Filibert_Bolger,Hobbit,TA 2942,Male,FO 22,Brown (movie),,,Poppy Chubb-Baggins
Fredegar Bolger,http://lotr.wikia.com//wiki/Fredegar_Bolger,Hobbit,TA 2980,Male,"Early ,Fourth Age",,,,"unknown, possibly unmarried"
Jessamine (Boffin) Bolger,http://lotr.wikia.com//wiki/Jessamine_(Boffin)_Bolger,Hobbit,TA 2897,Female,"Late ,Third Age",,,,Herugar Bolger
Bofur,http://lotr.wikia.com//wiki/Bofur,Dwarf,TA 2843,Male,,Dark Brown (films),,,
Odovacar Bolger,http://lotr.wikia.com//wiki/Odovacar_Bolger,Hobbit,TA 2935,Male,FO 10,,,,Rosamunda Took
Rosamunda (Took) Bolger,http://lotr.wikia.com//wiki/Rosamunda_(Took)_Bolger,Hobbit,TA 2938,Female,,,,,Odovacar Bolger
Jago Boffin,http://lotr.wikia.com//wiki/Jago_Boffin,Hobbit,TA 2894,Male,TA 2986,,,,Unnamed wife
Buffo Boffin,http://lotr.wikia.com//wiki/Buffo_Boffin,Hobbit,"Late ,Third Age",Male,"Late ,Third Age",,,,Ivy Goodenough
Bombur,http://lotr.wikia.com//wiki/Bombur,Dwarf,TA 2834,Male,,Ginger,,,
Borlad,http://lotr.wikia.com//wiki/Borlad,Human,"Late ,First Age",Male,FA 473,,,,Unnamed wife
Borlas,http://lotr.wikia.com//wiki/Borlas,Human,TA 3011,Male,,,,,Unnamed wife
Boromir,http://lotr.wikia.com//wiki/Boromir,Human,TA 2978,Male,"February 26 ,3019",Dark (book) Light brown (movie),,,
Boromir (House of Bëor),http://lotr.wikia.com//wiki/Boromir_(House_of_B%C3%ABor),Human,FA 338,Male,FA 432,,,,Unnamed wife
Boromir (Steward),http://lotr.wikia.com//wiki/Boromir_(Steward),Human,TA 2410,Male,TA 2489,,,,Unnamed wife
Wilibald Bolger,http://lotr.wikia.com//wiki/Wilibald_Bolger,Hobbit,TA 2904,Male,TA 3000,,,,Prisca Baggins
Borondir,http://lotr.wikia.com//wiki/Borondir,Human,"Late ,Third Age",Male,"April 15 ,2510",,,,
Borthand,http://lotr.wikia.com//wiki/Borthand,Human,"Late ,First Age",Male,FA 473,,,,
Blanco Bracegirdle,http://lotr.wikia.com//wiki/Blanco_Bracegirdle,Hobbit,TA 2865,Male,,,,,Primrose Boffin
Bruno Bracegirdle,http://lotr.wikia.com//wiki/Bruno_Bracegirdle,Hobbit,TA 2913,Male,TA 3010,,,,Unnamed wife
Primrose Bracegirdle,http://lotr.wikia.com//wiki/Primrose_Bracegirdle,Hobbit,TA 2865,Female,,,,,Blanco Bracegirdle
Brand,http://lotr.wikia.com//wiki/Brand,Human,TA 2957,Male,"March 17 ,3019",,,"Dale,Laketown",Unnamed wife
Brandir,http://lotr.wikia.com//wiki/Brandir,Human,First Age,,FA 499,,,,
Adaldrida (Bolger) Brandybuck,http://lotr.wikia.com//wiki/Adaldrida_(Bolger)_Brandybuck,Hobbit,TA 2818,Female,,,,,Marmadoc Brandybuck
Amaranth Brandybuck,http://lotr.wikia.com//wiki/Amaranth_Brandybuck,Hobbit,TA 2904,Female,TA 2998,,,,
Borlach,http://lotr.wikia.com//wiki/Borlach,Human,"Late ,First Age",Male,FA 473,,,,
Esmeralda Brandybuck,http://lotr.wikia.com//wiki/Esmeralda_Brandybuck,Hobbit,TA 2936,Female,,,,,Saradoc Brandybuck
Estella (Bolger) Brandybuck,http://lotr.wikia.com//wiki/Estella_(Bolger)_Brandybuck,Hobbit,TA 2985,Female,"Before ,FO 63",Dark Blonde,,,Meriadoc Brandybuck
Hilda Brandybuck,http://lotr.wikia.com//wiki/Hilda_Brandybuck,Hobbit,TA 2954,Female,,,,,Seredic Brandybuck
Madoc Brandybuck,http://lotr.wikia.com//wiki/Madoc_Brandybuck,Hobbit,SR 1175,Male,SR 1277,,,Buckland,Hanna Goldworthy
Melilot Brandybuck,http://lotr.wikia.com//wiki/Melilot_Brandybuck,Hobbit,SR 1385,Female,,,,,
Mentha Brandybuck,http://lotr.wikia.com//wiki/Mentha_Brandybuck,Hobbit,TA 2983,Female,"Early-,Fourth Age",Dark Brown,,,
Borin,http://lotr.wikia.com//wiki/Borin,Dwarf,TA 2450,Male,TA 2711,,,,
Mirabella (Took) Brandybuck,http://lotr.wikia.com//wiki/Mirabella_(Took)_Brandybuck,Hobbit,TA 2860,Female,TA 2960,,,,Gorbadoc Brandybuck
Primula (Brandybuck) Baggins,http://lotr.wikia.com//wiki/Primula_(Brandybuck)_Baggins,Hobbit,TA 2920,Female,TA 2980,,,,Drogo Baggins
Seredic Brandybuck,http://lotr.wikia.com//wiki/Seredic_Brandybuck,Hobbit,TA 2948,Male,,,,,Hilda Bracegirdle
Brego,http://lotr.wikia.com//wiki/Brego,Human,TA 2512,Male,TA 2570,,,Rohan,Unnamed wife
Bregolas,http://lotr.wikia.com//wiki/Bregolas,Human,"Late ,First Age",Male,FA 455,,,,Unnamed wife
Bregor,http://lotr.wikia.com//wiki/Bregor,Human,"Mid ,First Age",Male,Late First Age,,,,Unnamed wife
Sapphira (Brockhouse) Boffin,http://lotr.wikia.com//wiki/Sapphira_(Brockhouse)_Boffin,Hobbit,TA 2857,Female,,,,,Uffo Boffin
Bucca of the Marish,http://lotr.wikia.com//wiki/Bucca_of_the_Marish,Hobbit,TA 1930,Male,TA 2031,,,,
Asphodel (Brandybuck) Burrows,http://lotr.wikia.com//wiki/Asphodel_(Brandybuck)_Burrows,Hobbit,TA 2913,Female,TA 3012,,,,Rufus Burrows
Milo Burrows,http://lotr.wikia.com//wiki/Milo_Burrows,Hobbit,SR 1347,Male,,,,,Peony Baggins
Celandine Brandybuck,http://lotr.wikia.com//wiki/Celandine_Brandybuck,Hobbit,TA 2994,Female,,,,,
Bëor,http://lotr.wikia.com//wiki/B%C3%ABor,Human,FA 262,Male,FA 355,,,,Unnamed wife
Bór,http://lotr.wikia.com//wiki/B%C3%B3r,Human,"Late ,First Age",Male,FA 473,,,,Unnamed wife
Calimehtar,http://lotr.wikia.com//wiki/Calimehtar,Human,TA 1736,Male,TA 1936,,,Gondor,Unnamed wife
Minto Burrows,http://lotr.wikia.com//wiki/Minto_Burrows,Hobbit,TA 2996,Male,,,,,
Boron,http://lotr.wikia.com//wiki/Boron,Human,First Age,Male,First Age,,,,Unnamed wife
Meriadoc Brandybuck,http://lotr.wikia.com//wiki/Meriadoc_Brandybuck,Hobbit,TA 2982,Male,FO 65,Golden yellow (film),"1.38m (4'6"")",,Estella (Bolger) Brandybuck
Calmacil,http://lotr.wikia.com//wiki/Calmacil,Human,TA 1058,Male,TA 1304,,,Gondor,Unnamed wife
Celeborn,http://lotr.wikia.com//wiki/Celeborn,Elf,YT,Male,"Still alive, departed over the sea in the early Fourth Age",Silver,Tall,"Eregion,Lothlórien,Caras Galadhon",Galadriel
Celebrimbor,http://lotr.wikia.com//wiki/Celebrimbor,Elf,YT,Male,"SA 1697 ,War of the Elves and Sauron",Dark,,Eregion,
Celebrindor,http://lotr.wikia.com//wiki/Celebrindor,Human,TA 1062,Male,TA 1272,,,Arthedain,Unnamed wife
Celebrían,http://lotr.wikia.com//wiki/Celebr%C3%ADan,Elf,"Between the years ,SA 350, and SA 400",Female,"Still alive; Departed to ,Aman, in ,TA 2510",Possibly silver,,,Elrond
Celegorm,http://lotr.wikia.com//wiki/Celegorm,Elf,"During in the ,Noontide of Valinor",Male,FA 506,Fair,,,
Celepharn,http://lotr.wikia.com//wiki/Celepharn,Human,TA 979,Male,TA 1191,,,Arthedain,Unnamed wife
Cemendur,http://lotr.wikia.com//wiki/Cemendur,Human,SA 3399,Male,TA 238,,,Gondor,Unnamed wife
Cemendur (son of Axantur),http://lotr.wikia.com//wiki/Cemendur_(son_of_Axantur),Human,SA 575,Male,,,,,Unnamed wife
Ceorl,http://lotr.wikia.com//wiki/Ceorl,Human,"Late ,Third Age",Male,,,,,
Caliondo,http://lotr.wikia.com//wiki/Caliondo,Human,SA 512,Male,SA 900,,,,Unnamed wife
Cirion,http://lotr.wikia.com//wiki/Cirion,Human,TA 2449,Male,TA 2567,,,,Unnamed wife
Ciryandil,http://lotr.wikia.com//wiki/Ciryandil,Human,TA 820,Male,TA 1015,,,Gondor,Unnamed wife
Ciryatur,http://lotr.wikia.com//wiki/Ciryatur,Human,"Mid ,Second Age",Male,"After ,SA 1700",Black,Tall,,
Ciryon,http://lotr.wikia.com//wiki/Ciryon,Human,SA 3379,Male,TA 2,,,,"Unknown, possibly known"
Bowman Cotton,http://lotr.wikia.com//wiki/Bowman_Cotton,Hobbit,TA 2886,Male,,,,,
Lily Cotton,http://lotr.wikia.com//wiki/Lily_Cotton,Hobbit,"Late ,Third Age",Female,,,,,Farmer Cotton
Marigold (Gamgee) Cotton,http://lotr.wikia.com//wiki/Marigold_(Gamgee)_Cotton,Hobbit,TA 2983,Female,,,,,Tolman Cotton
Rosie Cotton,http://lotr.wikia.com//wiki/Rosie_Cotton,Hobbit,TA 2984,Female,FO 61,Light brown (film),,,Sam Gamgee
Tolman Cotton,http://lotr.wikia.com//wiki/Tolman_Cotton,Hobbit,TA 2941,Male,FO 20,,,,Lily Brown
Castamir the Usurper,http://lotr.wikia.com//wiki/Castamir_the_Usurper,Human,TA 1259,Male,TA 1447,,,Gondor,Unnamed wife
Curufin,http://lotr.wikia.com//wiki/Curufin,Elf,"During the ,Noontide of Valinor",Male,FA 506,Dark,,Himlad,Unnamed wife
Círdan,http://lotr.wikia.com//wiki/C%C3%ADrdan,Elf,"YT, 1050. Age = 11,484.9 Sun Years or 1,198.6 Valian Years as of FO 121 (death of Arwen).",Male,"Still alive, sailed into the ,West, sometime during the ,Fourth Age last of all elves to leave ,Middle-earth,.","Silver, bearded",Very tall,,Presumably none
Dairuin,http://lotr.wikia.com//wiki/Dairuin,Human,"Late ,First Age",Male,FA 460,,,,
Damrod,http://lotr.wikia.com//wiki/Damrod,Human,"Late ,Third Age",Male,TA 3019,Dark,,,
User:Deathshriek,http://lotr.wikia.com//wiki/User:Deathshriek,Dwarf,,,,,,,
Denethor (First Age),http://lotr.wikia.com//wiki/Denethor_(First_Age),Elf,YT,Male,YT 1497,,,Ossiriand,
Falco Chubb-Baggins,http://lotr.wikia.com//wiki/Falco_Chubb-Baggins,Hobbit,TA 2903,Male,TA 2999,,,,Unnamed wife
Caranthir,http://lotr.wikia.com//wiki/Caranthir,Elf,"During the ,Noontide of Valinor",Male,FA 506,Dark,,,Unnamed wife
Denethor II,http://lotr.wikia.com//wiki/Denethor_II,Human,TA 2930,Male,"March 15 ,3019","Dark, grey (in old age)",,,Finduilas
Diamond Took,http://lotr.wikia.com//wiki/Diamond_Took,Hobbit,TA 2995,Female,"Before ,FO 63",Brown (film),,,Peregrin Took
Dinodas Brandybuck,http://lotr.wikia.com//wiki/Dinodas_Brandybuck,Hobbit,SR 1316,Male,SR 1410,,,,
Dior (Steward),http://lotr.wikia.com//wiki/Dior_(Steward),Human,TA 2328,Male,TA 2435,,,,Possibly none
Dodinas Brandybuck,http://lotr.wikia.com//wiki/Dodinas_Brandybuck,Hobbit,,Male,,,,,
Dori,http://lotr.wikia.com//wiki/Dori,Dwarf,TA 2827,Male,,Gray (film),,,
Dorlas,http://lotr.wikia.com//wiki/Dorlas,Human,"Late ,First Age",Males,FA 499,,,,
Denethor I,http://lotr.wikia.com//wiki/Denethor_I,Human,TA 2375,Male,TA 2477,,,,Unnamed wife
Duinhir,http://lotr.wikia.com//wiki/Duinhir,Human,"Late-,Third Age",Male,"Early-,Fourth Age",Dark (Decipher Card),Tall,,Unnamed wife
Durin VII,http://lotr.wikia.com//wiki/Durin_VII,Dwarf,FO 2,Male,,,,Khazad-dum,
Dwalin,http://lotr.wikia.com//wiki/Dwalin,Dwarf,TA 2772,Male,FO 91,Brown,,,
Dáin I,http://lotr.wikia.com//wiki/D%C3%A1in_I,Dwarf,TA 2440,Male,TA 2589,,,Grey Mountains,Unnamed wife
Dervorin,http://lotr.wikia.com//wiki/Dervorin,Human,"Late ,Third Age",Male,,,,,
Déagol,http://lotr.wikia.com//wiki/D%C3%A9agol,Hobbit,"Between TA 2400 and ,TA 2430",Male,TA 2463,Dark-brown,,,
Déor,http://lotr.wikia.com//wiki/D%C3%A9or,Human,TA 2644,Male,TA 2718,,,Rohan,
Derufin,http://lotr.wikia.com//wiki/Derufin,Human,"Late ,Third Age",Male,"Mid ,March ,3019",,,,
Duilin,http://lotr.wikia.com//wiki/Duilin,Human,"Late ,Third Age",Male,TA 3019,,,,
Dáin II Ironfoot,http://lotr.wikia.com//wiki/D%C3%A1in_II_Ironfoot,Dwarf,TA 2767,Male,"March 17 ,3019",,4'5 - 5' (Estimate),Lonely Mountain,Unnamed wife
Déorwine,http://lotr.wikia.com//wiki/D%C3%A9orwine,Human,"Late ,Third Age",Male,"March 15 ,3019",,,,
Dírhael,http://lotr.wikia.com//wiki/D%C3%ADrhael,Human,TA 2838,Male,"After ,TA 2929",Brown (film),,,Ivorwen
Dírhavel,http://lotr.wikia.com//wiki/D%C3%ADrhavel,Human,"Late ,First Age",Male,Late First Age,,,,
Dís,http://lotr.wikia.com//wiki/D%C3%ADs,Dwarf,TA 2760,Female,"After ,TA 2941",,,,
Dúnhere,http://lotr.wikia.com//wiki/D%C3%BAnhere,Human,"Late ,Third Age",Male,"March 15 ,3019",,,,
Ecthelion II,http://lotr.wikia.com//wiki/Ecthelion_II,Human,TA 2886,Male,TA 2984,,,,Unnamed wife
Ecthelion I,http://lotr.wikia.com//wiki/Ecthelion_I,Human,TA 2600,Male,TA 2698,,,,Possibly none
Edrahil,http://lotr.wikia.com//wiki/Edrahil,Elf,,Male,FA 465,,,,
Egalmoth,http://lotr.wikia.com//wiki/Egalmoth,Human,TA 2626,Male,TA 2743,,,,Unnamed wife
Eglantine (Banks) Took,http://lotr.wikia.com//wiki/Eglantine_(Banks)_Took,Hobbit,"Late ,Third Age",Female,Late Third Age,,,,Paladin Took II
Eilinel,http://lotr.wikia.com//wiki/Eilinel,Human,"Mid ,First Age",Female,"Between ,FA 455, - ,FA 460",,,,Gorlim
Elatan,http://lotr.wikia.com//wiki/Elatan,Human,"Early ,Second Age",Male,Early Second Age,,,,Silmariën
Eldacar (King of Arnor),http://lotr.wikia.com//wiki/Eldacar_(King_of_Arnor),Human,TA 87,Male,TA 339,,,Arnor,Unnamed wife
Eldarion,http://lotr.wikia.com//wiki/Eldarion,Human,FO 43,Male,"Before ,FO 220",Dark,,"Reunited Kingdom,Arnor,Gondor",
Eldacar (King of Gondor),http://lotr.wikia.com//wiki/Eldacar_(King_of_Gondor),Human,TA 1255,Male,TA 1490,,,Gondor,Unnamed wife
Elemmírë (elf),http://lotr.wikia.com//wiki/Elemm%C3%ADr%C3%AB_(elf),Elf,,,Presumably still alive,,,,
Elendil,http://lotr.wikia.com//wiki/Elendil,Human,SA 3119,Male,SA 3441,Brown,"7' 10""","Arnor,Gondor",Unnamed wife
Elendur,http://lotr.wikia.com//wiki/Elendur,Human,SA 3299,Male,TA 2,,,,Unnamed wife
Elendur of Arnor,http://lotr.wikia.com//wiki/Elendur_of_Arnor,Human,TA 552,Male,TA 777,,,Arnor,Unnamed wife
Elboron,http://lotr.wikia.com//wiki/Elboron,Human,,Male,,,,,
Eldalótë,http://lotr.wikia.com//wiki/Eldal%C3%B3t%C3%AB,Elf,YT,Female,,,,,Angrod
Elenwë,http://lotr.wikia.com//wiki/Elenw%C3%AB,Elf,YT,Female,YT 1500,Golden,Tall,,Turgon
Elfhelm,http://lotr.wikia.com//wiki/Elfhelm,Human,TA 2985,Male,"Early ,Fourth Age",Dark,,,
Elfhild,http://lotr.wikia.com//wiki/Elfhild,Human,TA 2950,Female,TA 2978,,,Rohan,Théoden
Elfwine,http://lotr.wikia.com//wiki/Elfwine,Human,FO 8,Male,FO 103,,,Rohan,
Elladan and Elrohir,http://lotr.wikia.com//wiki/Elladan_and_Elrohir,Elf,TA 130,Male,,Dark,Tall,,
Emeldir,http://lotr.wikia.com//wiki/Emeldir,Human,FA 406,Female,,,,,Barahir
Elphir,http://lotr.wikia.com//wiki/Elphir,Human,TA 2987,Male,FO 57,,,,Unnamed wife
Elrond,http://lotr.wikia.com//wiki/Elrond,Elf,FA 532,Male,"Still alive; departed to ,Aman, on ,September 29 ,3021",Dark,Tall,Rivendell,Celebrían
Enel,http://lotr.wikia.com//wiki/Enel,Elf,"Unknown, Awakened in the Years of the Trees",Male,,,,,Enelyë
Enelyë,http://lotr.wikia.com//wiki/Enely%C3%AB,Elf,"Unknown, Awakened in the ,Years of the Trees",Female,,,,,Enel
Enerdhil,http://lotr.wikia.com//wiki/Enerdhil,Elf,"Unknown, possibly in the ,First Age",Male,,,,,
Erchirion,http://lotr.wikia.com//wiki/Erchirion,Human,TA 2990,Male,"Early ,Fourth Age",,,,
Erellont,http://lotr.wikia.com//wiki/Erellont,Elf,unknown,Male,unknown,,,,unknown
Erendis,http://lotr.wikia.com//wiki/Erendis,Human,SA 771,Female,SA 985,Dark,,Númenor,Tar-Aldarion
Erestor,http://lotr.wikia.com//wiki/Erestor,Elf,,Male,,,,,
Eorl the Young,http://lotr.wikia.com//wiki/Eorl_the_Young,Human,TA 2485,Male,TA 2545,Blond,,Rohan,Unnamed wife
Erkenbrand,http://lotr.wikia.com//wiki/Erkenbrand,Human,"Late ,Third Age",Male,"early ,Fourth Age",,Tall,,
Estelmo,http://lotr.wikia.com//wiki/Estelmo,Human,"Late ,Second Age",Male,"Early ,Third Age",,,,
Eradan,http://lotr.wikia.com//wiki/Eradan,Human,TA 1999,Male,TA 2116,,,,Unnamed wife
Eärendur of Númenor,http://lotr.wikia.com//wiki/E%C3%A4rendur_of_N%C3%BAmenor,Human,SA 361,Male,"Early ,Second Age",,,,Unnamed wife
Eärnil I,http://lotr.wikia.com//wiki/E%C3%A4rnil_I,Human,TA 736,Male,TA 936,,,Gondor,Unnamed wife
Eärnil II,http://lotr.wikia.com//wiki/E%C3%A4rnil_II,Human,TA 1883,Male,TA 2043,,,Gondor,Unnamed wife
Eärnur,http://lotr.wikia.com//wiki/E%C3%A4rnur,Human,TA 1928,Male,TA 2050,,,Gondor,
Eärwen,http://lotr.wikia.com//wiki/E%C3%A4rwen,Elf,Years of the Trees,Female,Still alive,Star-like,,,Finarfin
Eärendur (Lord of Andúnië),http://lotr.wikia.com//wiki/E%C3%A4rendur_(Lord_of_And%C3%BAni%C3%AB),Human,"Late ,Second Age",Male,Late Second Age,,,,
Eöl,http://lotr.wikia.com//wiki/E%C3%B6l,Elf,YT,Male,FA 400,Dark,Tall,Nan Elmoth,Aredhel
Eärendil of Gondor,http://lotr.wikia.com//wiki/E%C3%A4rendil_of_Gondor,Human,TA 48,Male,TA 324,,,Gondor,Unnamed wife
Eärendur of Arnor,http://lotr.wikia.com//wiki/E%C3%A4rendur_of_Arnor,Human,TA 640,Male,TA 861,,,,Unnamed wife
Faramir (son of Ondoher),http://lotr.wikia.com//wiki/Faramir_(son_of_Ondoher),Human,"Mid ,Third Age",Male,TA 1944,,,,
Fastred,http://lotr.wikia.com//wiki/Fastred,Human,TA 2858,Male,TA 2885,,,,
Fastred (Pelennor Fields),http://lotr.wikia.com//wiki/Fastred_(Pelennor_Fields),Human,"Late ,Third Age",Male,"March 15 ,3019",,,,
Fengel,http://lotr.wikia.com//wiki/Fengel,Human,TA 2870,Male,TA 2953,,,Rohan,
Ferumbras Took II,http://lotr.wikia.com//wiki/Ferumbras_Took_II,Hobbit,TA 2701,Male,TA 2801,,,,Unnamed wife
Finarfin,http://lotr.wikia.com//wiki/Finarfin,Elf,YT 1230,Male,Still Alive,Golden,,Tirion,Eärwen
Findegil,http://lotr.wikia.com//wiki/Findegil,Human,Fourth Age,Male,"sometime after ,FO 172",,,,
Findis,http://lotr.wikia.com//wiki/Findis,Elf,Years of the Trees,Female,,,,,
Finduilas,http://lotr.wikia.com//wiki/Finduilas,Elf,First Age,Female,FA 495,Golden,,,"None; betrothed to ,Gwindor, but never married."
Finduilas of Dol Amroth,http://lotr.wikia.com//wiki/Finduilas_of_Dol_Amroth,Human,TA 2950,Female,TA 2988,Dark,,,Denethor II
Fingolfin,http://lotr.wikia.com//wiki/Fingolfin,Elf,YT 1190,Male,FA 455,Dark,,"Hithlum,Beleriand",Anairë
Farin,http://lotr.wikia.com//wiki/Farin,Dwarf,TA 2560,Male,TA 2803,,,,Unnamed wife
Fingon,http://lotr.wikia.com//wiki/Fingon,Elf,"YT during the ,Noontide of Valinor",Male,FA 472,Dark,,Hithlum,
Finrod,http://lotr.wikia.com//wiki/Finrod,Elf,YT 1300,Male,FA 465,Golden,,,"Loved ,Amarië but they never married"
Finwë,http://lotr.wikia.com//wiki/Finw%C3%AB,Elf,"YT, and perhaps Firstborn",Male,YT 1495,Black,,"Tirion,Formenos","Míriel Serindë then ,Indis"
Flói,http://lotr.wikia.com//wiki/Fl%C3%B3i,Dwarf,"Late ,Third Age",Male,TA 2994,,,,
Faramir,http://lotr.wikia.com//wiki/Faramir,Human,TA 2983,Male,"February 26 ,82",Raven,,Minas Ithil,owyn
Folca,http://lotr.wikia.com//wiki/Folca,Human,TA 2804,Male,TA 2864,,,,Unnamed wife
Fastolph Bolger,http://lotr.wikia.com//wiki/Fastolph_Bolger,Hobbit,SR 1210,Male,,,,Shire,Pansy Baggins
Folcred,http://lotr.wikia.com//wiki/Folcred,Human,TA 2858,Male,TA 2885,,,,
Forlong,http://lotr.wikia.com//wiki/Forlong,Human,"Late ,Third Age",Male,TA 3019,,,,unknown
Folcwine,http://lotr.wikia.com//wiki/Folcwine,Human,TA 2830,Male,TA 2903,,,Rohan,Unnamed wife
Fortinbras Took I,http://lotr.wikia.com//wiki/Fortinbras_Took_I,Hobbit,TA 2745,Male,TA 2848,,,,Unnamed wife
Forthwini,http://lotr.wikia.com//wiki/Forthwini,Human,"Mid ,Third Age",Male,TA 1944,,,,"Unknown, but possible since he had descendants"
Forweg,http://lotr.wikia.com//wiki/Forweg,Human,"Late ,First Age",Male,Late First Age,Fair,,,"Unknown, probably none"
Freca,http://lotr.wikia.com//wiki/Freca,Human,TA 2698,Male,TA 2754,Dark,,,Unnamed wife
Fram,http://lotr.wikia.com//wiki/Fram,Human,TA 1967,Male,"Unknown, sometime after ,TA 2000",,,,"Unknown, probably as he had descendants"
Frerin,http://lotr.wikia.com//wiki/Frerin,Dwarf,TA 2751,Male,TA 2799,,,,
Frumgar,http://lotr.wikia.com//wiki/Frumgar,Human,TA 1940,Male,TA 2001,,,,Unnamed wife
Fréawine,http://lotr.wikia.com//wiki/Fr%C3%A9awine,Human,TA 2594,Male,TA 2680,,,Rohan,
Frór,http://lotr.wikia.com//wiki/Fr%C3%B3r,Dwarf,TA 2552,Male,TA 2589,,,,
Frár,http://lotr.wikia.com//wiki/Fr%C3%A1r,Dwarf,"Late ,Third Age",Male,November 102994,,,,
Fundin,http://lotr.wikia.com//wiki/Fundin,Dwarf,TA 2662,Male,TA 2799,,,,Unnamed wife
Fréa,http://lotr.wikia.com//wiki/Fr%C3%A9a,Human,TA 2570,Male,TA 2659,,,Rohan,Unnamed wife
Fréaláf Hildeson,http://lotr.wikia.com//wiki/Fr%C3%A9al%C3%A1f_Hildeson,Human,TA 2726,Male,TA 2798,,,Rohan,Unnamed wife
Fëanor,http://lotr.wikia.com//wiki/F%C3%ABanor,Elf,YT 1169,Male,YT 1497,Raven,Tall,"Tirion,Formenos",Nerdanel
Fíriel,http://lotr.wikia.com//wiki/F%C3%ADriel,Human,TA 1896,Female,,,,Arthedain,Arvedui
Fíli and Kíli,http://lotr.wikia.com//wiki/F%C3%ADli_and_K%C3%ADli,Dwarf,TA 2859,Male,November 23TA 2941,Yellow,,,
Galar,http://lotr.wikia.com//wiki/Galar,Dwarf,,,,,,,
Galadriel,http://lotr.wikia.com//wiki/Galadriel,Elf,YT 1362,Female,"Still alive: Departed over the sea on ,September 29 ,3021",Golden,Tall,"Eregion,Lothlórien,Caras Galadhon",Celeborn
Galdor,http://lotr.wikia.com//wiki/Galdor,Human,FA 417,Male,FA 462,,Tall,,Hareth
Galion,http://lotr.wikia.com//wiki/Galion,Elf,,Male,,,,,
Daisy Gamgee I,http://lotr.wikia.com//wiki/Daisy_Gamgee_I,Hobbit,TA 2972,Female,FO 54,,,,
Frodo Gardner,http://lotr.wikia.com//wiki/Frodo_Gardner,Hobbit,FO 2,Male,FO,,,,Unnamed wife
Hamson Gamgee,http://lotr.wikia.com//wiki/Hamson_Gamgee,Hobbit,TA 2965,Male,,,,,
May Gamgee,http://lotr.wikia.com//wiki/May_Gamgee,Hobbit,TA 2976,Female,,,,,
Samwise Gamgee,http://lotr.wikia.com//wiki/Samwise_Gamgee,Hobbit,"April 6 ,2980",Male,"Still alive, after going to the ,Undying Lands, in ,FO 61",Blond (movie),"1.22m (4'0"")",,Rosie Cotton
Gamling,http://lotr.wikia.com//wiki/Gamling,Human,"Possibly late ,Third Age",Male,,Possibly blond,,,
Elanor Gardner,http://lotr.wikia.com//wiki/Elanor_Gardner,Hobbit,March 253021,Female,"Early ,Fourth Age",Blonde or Golden,,,Fastred of Greenholm
Gelmir,http://lotr.wikia.com//wiki/Gelmir,Elf,,Male,FA 473,,,,
Hamfast Gamgee,http://lotr.wikia.com//wiki/Hamfast_Gamgee,Hobbit,TA 2926,Male,FO 7 (SR 1428),"Brown, later gray","1.2m (3'11"")",,Bell Goodchild
Halfred Gamgee,http://lotr.wikia.com//wiki/Halfred_Gamgee,Hobbit,TA 2969,Male,,,,,
Galdor of the Havens,http://lotr.wikia.com//wiki/Galdor_of_the_Havens,Elf,,Male,,Golden (movie),6'3 (movie),,
Gil-galad,http://lotr.wikia.com//wiki/Gil-galad,Elf,FA 450,Male,SA 3441,Possibly golden (book) Dark brown (movie),Tall,"Havens of Sirion,Lindon",
Gildis,http://lotr.wikia.com//wiki/Gildis,Human,First Age,Female,,,,,"Hador, Lórindol"
Gildor (Edain),http://lotr.wikia.com//wiki/Gildor_(Edain),Human,"Late ,First Age",Male,FA 460,,,,
Gildor Inglorion,http://lotr.wikia.com//wiki/Gildor_Inglorion,Elf,,Male,Possible sailed West,Golden,,,
Gilfanon,http://lotr.wikia.com//wiki/Gilfanon,Elf,,Male,Presumably still alive,,,,
Ghân-buri-Ghân,http://lotr.wikia.com//wiki/Gh%C3%A2n-buri-Gh%C3%A2n,Human,"Late ,Third Age",Male,,Black,Short,,
Gethron,http://lotr.wikia.com//wiki/Gethron,Human,"Mid ,First Age",Male,,,,,
Gilraen,http://lotr.wikia.com//wiki/Gilraen,Human,TA 2907,Female,TA 3007,Blonde (film),"Unknown (book) 1.66m (5'5"") (film)",,Arathorn II
Gelmir (of Angrod's kin),http://lotr.wikia.com//wiki/Gelmir_(of_Angrod%27s_kin),Elf,,Male,,,,,
Girion,http://lotr.wikia.com//wiki/Girion,Human,TA 2732,Male,TA 2770,,,,Unnamed wife
Gimilzagar,http://lotr.wikia.com//wiki/Gimilzagar,Human,SA 2630,Male,,,,,
Glorfindel,http://lotr.wikia.com//wiki/Glorfindel,Elf,"Possibly ,YT",Male,FA 510,Golden,Tall,,
Glirhuin,http://lotr.wikia.com//wiki/Glirhuin,Human,"Unknown, late fifth or sixth century ,First Age",Male,,,,,
Gléowine,http://lotr.wikia.com//wiki/Gl%C3%A9owine,Human,"Late ,Third Age",Male,,,,,
Gimilkhâd,http://lotr.wikia.com//wiki/Gimilkh%C3%A2d,Human,SA 3044,Male,SA 3243,,,,Unnamed wife
Gimli,http://lotr.wikia.com//wiki/Gimli,Dwarf,TA 2879,Male,"Unknown (Departed to ,Aman ,FO 120,)",Auburn,,,
Golasgil,http://lotr.wikia.com//wiki/Golasgil,Human,"Late ,Third Age",Male,,,,,
Goldwine,http://lotr.wikia.com//wiki/Goldwine,Human,TA 2619,Male,TA 2699,,,Rohan,
Hanna (Goldworthy) Brandybuck,http://lotr.wikia.com//wiki/Hanna_(Goldworthy)_Brandybuck,Hobbit,,Female,,,,,Madoc Brandybuck
Gorbulas Brandybuck,http://lotr.wikia.com//wiki/Gorbulas_Brandybuck,Hobbit,TA 2908,Male,"Before ,TA 3001",,,,Unnamed wife
Gorhendad (Oldbuck) Brandybuck,http://lotr.wikia.com//wiki/Gorhendad_(Oldbuck)_Brandybuck,Hobbit,TA 2274,Male,,,,,Unnamed wife
Gorlim,http://lotr.wikia.com//wiki/Gorlim,Human,"Late ,First Age",Male,FA 460,,,,Eilinel
Glóin (King of Durin's Folk),http://lotr.wikia.com//wiki/Gl%C3%B3in_(King_of_Durin%27s_Folk),Dwarf,TA 2136,Male,TA 2385,,,Grey Mountains,Unnamed wife
Glóin,http://lotr.wikia.com//wiki/Gl%C3%B3in,Dwarf,TA 2783,Male,FO 15,"Red, later White",,,Unnamed wife
Glóredhel,http://lotr.wikia.com//wiki/Gl%C3%B3redhel,Human,FA 415,Female,FA 473,Blonde,,,Haldir
Gormadoc Deepdelver Brandybuck,http://lotr.wikia.com//wiki/Gormadoc_%22Deepdelver%22_Brandybuck,Hobbit,,,,,,,
Gram,http://lotr.wikia.com//wiki/Gram,Human,TA 2668,Male,TA 2741,,,Rohan,Unnamed wife
Holman Greenhand,http://lotr.wikia.com//wiki/Holman_Greenhand,Hobbit,TA 2810,Male,,,,,
Rose Greenhand,http://lotr.wikia.com//wiki/Rose_Greenhand,Hobbit,TA 2862,Female,,,,,Cotman Cotton
Grimbeorn,http://lotr.wikia.com//wiki/Grimbeorn,Human,"Unknown, probably several years or so after the ,Battle of Five Armies",Male,"Unknown, early ,Fourth Age",Dark,Tall (in Man-form),,
Grimbold,http://lotr.wikia.com//wiki/Grimbold,Human,"Late ,Third Age",Male,"March 15 ,3019",,,,
Grithnir,http://lotr.wikia.com//wiki/Grithnir,Human,"Mid ,First Age",Male,FA 474,,,,
Gróin,http://lotr.wikia.com//wiki/Gr%C3%B3in,Dwarf,TA 2671,Male,TA 2923,,,,Unnamed wife
Halfred Greenhand,http://lotr.wikia.com//wiki/Halfred_Greenhand,Hobbit,TA 2851,Male,,,,,
Erling Greenhand,http://lotr.wikia.com//wiki/Erling_Greenhand,Hobbit,TA 2854,Male,,,,,
Guilin,http://lotr.wikia.com//wiki/Guilin,Elf,,Male,,,,,Unnamed wife
Hending Greenhand,http://lotr.wikia.com//wiki/Hending_Greenhand,Hobbit,TA 2859,Male,,,,,
Grór,http://lotr.wikia.com//wiki/Gr%C3%B3r,Dwarf,TA 2563,Male,TA 2805,,,,Unnamed wife
Gundor,http://lotr.wikia.com//wiki/Gundor,Human,"Mid ,First Age",Male,FA 456,,,,
Guthláf,http://lotr.wikia.com//wiki/Guthl%C3%A1f,Human,"Late ,Third Age",Male,"March 15 ,3019",Blond,,,
Hador,http://lotr.wikia.com//wiki/Hador,Human,FA 390,Male,FA 455,Golden,,,Gildis
Hador (Steward),http://lotr.wikia.com//wiki/Hador_(Steward),Human,TA 2245,Male,TA 2395,,,,Unnamed wife
Halbarad,http://lotr.wikia.com//wiki/Halbarad,Human,TA 2916,Male,"March 15 ,3019",Black,Tall,,
Haldir (Haladin),http://lotr.wikia.com//wiki/Haldir_(Haladin),Human,FA 413,Male,FA 473,,,,Glóredhel
Gálmód,http://lotr.wikia.com//wiki/G%C3%A1lm%C3%B3d,Human,TA 2940,Male,TA 3015,,,,Unnamed wife
Gwindor,http://lotr.wikia.com//wiki/Gwindor,Elf,"Unknown, possibly during the ,First Age",Male,FA 495,Became grey in captivity,,,"None, betrothed to ,Finduilas"
Haldir (Lorien),http://lotr.wikia.com//wiki/Haldir_(Lorien),Elf,,Male,TA 3019,Golden,,,
Haleth,http://lotr.wikia.com//wiki/Haleth,Human,FA 341,Female,FA 420,,,,
Gárulf,http://lotr.wikia.com//wiki/G%C3%A1rulf,Human,"Late-,Third Age",Male,"February 28 ,3019",,,,
Haleth (Helm's son),http://lotr.wikia.com//wiki/Haleth_(Helm%27s_son),Human,"Late ,Third Age",Male,"Winter of ,TA 2758",,,,
Hallacar,http://lotr.wikia.com//wiki/Hallacar,Human,SA 852,Male,SA 1211,,,,Tar-Ancalimë
Hallas (Steward),http://lotr.wikia.com//wiki/Hallas_(Steward),Human,TA 2480,Male,TA 2605,,,,Unnamed wife
Halmir,http://lotr.wikia.com//wiki/Halmir,Human,"Late ,First Age",Male,Late First Age,,,,Unnamed wife
Hallatan,http://lotr.wikia.com//wiki/Hallatan,Human,SA 711,Male,"Mid ,Second Age",,,,Unnamed wife
Hamfast of Gamwich,http://lotr.wikia.com//wiki/Hamfast_of_Gamwich,Hobbit,TA 2760,Male,,,,,Unnamed wife
Hareth,http://lotr.wikia.com//wiki/Hareth,Human,FA 419,Female,,,,,Galdor
Harding,http://lotr.wikia.com//wiki/Harding,Human,"Late ,Third Age",Male,"March 15 ,3019",,,,
Hardang,http://lotr.wikia.com//wiki/Hardang,Human,FA 470,Male,FA 501,,,,
Hathaldir,http://lotr.wikia.com//wiki/Hathaldir,Human,"Mid ,First Age",Male,FA 460,,,,
Hatholdir,http://lotr.wikia.com//wiki/Hatholdir,Human,"Sometime before ,SA 799",Male,,,,,Unnamed wife
Helm Hammerhand,http://lotr.wikia.com//wiki/Helm_Hammerhand,Human,TA 2691,Male,TA 2759,,,Rohan,Unnamed wife
Hathol,http://lotr.wikia.com//wiki/Hathol,Human,F.A. 365,Male,,,,,
Handir,http://lotr.wikia.com//wiki/Handir,Human,FA 441,,FA 495,,,Brethil,Beldis
Henderch,http://lotr.wikia.com//wiki/Henderch,Human,"Early ,Second Age",Male,unknown,,,,
Herefara,http://lotr.wikia.com//wiki/Herefara,Human,"Late-,Third Age",Male,"March 15 ,3019",Gray,,,Unnamed wife
Hendor,http://lotr.wikia.com//wiki/Hendor,Elf,,Male,,,,,
Herion,http://lotr.wikia.com//wiki/Herion,Human,TA 2037,Male,TA 2148,,,,Unnamed wife
Herubrand,http://lotr.wikia.com//wiki/Herubrand,Human,"Late-,Third Age",Male,"March 15 ,3019",,,,Unnamed wife
Herucalmo,http://lotr.wikia.com//wiki/Herucalmo,Human,SA 2286,Male,SA 2657,,,,Tar-Vanimeldë
Hirgon,http://lotr.wikia.com//wiki/Hirgon,Human,"Late ,Third Age",Male,TA 3019,,Tall,,
Hirluin,http://lotr.wikia.com//wiki/Hirluin,Human,"Late ,Third Age",Male,"March 15 ,3019",,Tall,,
Hob Gammidge,http://lotr.wikia.com//wiki/Hob_Gammidge,Hobbit,TA 2846,Male,,,,,Rowan
Hob Hayward,http://lotr.wikia.com//wiki/Hob_Hayward,Hobbit,"Late ,Third Age",Male,,,,Shire,
Tobias Hornblower,http://lotr.wikia.com//wiki/Tobias_Hornblower,Hobbit,"Late ,Third Age",Male,"Late ,TA 3018",,,Shire,
Holfast Gardner,http://lotr.wikia.com//wiki/Holfast_Gardner,Hobbit,,,,,,,
Horn,http://lotr.wikia.com//wiki/Horn,Human,"Possibly late ,Third Age",Male,"March 15 ,TA 3019",Blond (Video game),,,
Hundad,http://lotr.wikia.com//wiki/Hundad,Human,"Mid ,FA",Male,Mid FA,,,,Unnamed wife
Hundar,http://lotr.wikia.com//wiki/Hundar,Human,"Late ,First Age",Male,FA 473,,,,Unnamed wife
Hunthor,http://lotr.wikia.com//wiki/Hunthor,Human,"Late ,FA",Male,FA 499,,,,Unnamed wife
Huor,http://lotr.wikia.com//wiki/Huor,Human,FA 442,Male,FA 473,Golden,Tallest of all mortal men save his son Tuor only,,Rían
Hyarmendacil I,http://lotr.wikia.com//wiki/Hyarmendacil_I,Human,TA 899,Male,TA 1149,,,Gondor,Unnamed wife
Hyarmendacil II,http://lotr.wikia.com//wiki/Hyarmendacil_II,Human,TA 1391,Male,TA 1621,,,Gondor,Unnamed wife
Háma,http://lotr.wikia.com//wiki/H%C3%A1ma,Human,TA 2975,Male,"March 3, or ,4 ,3019",Reddish brown (movie),,,"Unknown, possibly none"
Húrin II,http://lotr.wikia.com//wiki/H%C3%BArin_II,Human,TA 2515,Male,TA 2628,,,,Unnamed wife
Háma (Helm's son),http://lotr.wikia.com//wiki/H%C3%A1ma_(Helm%27s_son),Human,"Late ,Third Age",Male,"Winter of ,TA 2759",,,,
Húrin of Emyn Arnen,http://lotr.wikia.com//wiki/H%C3%BArin_of_Emyn_Arnen,Human,"Mid-,Third Age",Male,"Mid-,Third Age",,,,
Húrin,http://lotr.wikia.com//wiki/H%C3%BArin,Human,FA 441,Male,FA 502,"Golden, grey (in old age)",,,Morwen Eledhwen
Imin,http://lotr.wikia.com//wiki/Imin,Elf,"Unknown, Awakened in the ,Years of the Trees",Male,,,,,Iminyë
Iminyë,http://lotr.wikia.com//wiki/Iminy%C3%AB,Elf,"Unknown, Awakened in the ,Years of the Trees",Female,,,,,Imin
Imlach,http://lotr.wikia.com//wiki/Imlach,Human,around FA 325,Male,First Age,,,,Unnamed wife
Imrahil,http://lotr.wikia.com//wiki/Imrahil,Human,TA 2955,Male,FO 34,Black,Tall,,Unnamed wife
Imrazôr,http://lotr.wikia.com//wiki/Imraz%C3%B4r,Human,TA 1950,Male,TA 2076,,,,Mithrellas
Idril,http://lotr.wikia.com//wiki/Idril,Elf,YT 1469,Female,Still Alive,Golden,Tall,,Tuor
Ibûn,http://lotr.wikia.com//wiki/Ib%C3%BBn,Dwarf,,Male,FA 489,,,,"Unknown, possibly none"
Indis,http://lotr.wikia.com//wiki/Indis,Elf,,Female,Still Alive,Golden,Tall,Tirion,Finwë
Húrin I,http://lotr.wikia.com//wiki/H%C3%BArin_I,Human,TA 2124,Male,TA 2244,,,,Unnamed wife
Ingwë,http://lotr.wikia.com//wiki/Ingw%C3%AB,Elf,"YT, and perhaps firstborn",Male,Still Alive,Probably Golden,Tall,"Valinor,Taniquetil",Unnamed wife
Inzilbêth,http://lotr.wikia.com//wiki/Inzilb%C3%AAth,Human,"Late ,Second Age",Female,,,,,Ar-Gimilzôr
Ioreth,http://lotr.wikia.com//wiki/Ioreth,Human,"Late ,Third Age",Female,,,,,
Iorlas,http://lotr.wikia.com//wiki/Iorlas,Human,"b. ,TA 2990",Male,"Early-,Fourth Age",,,,
Isembold Took,http://lotr.wikia.com//wiki/Isembold_Took,Hobbit,TA 2842,Male,TA 2946,,,,Unnamed wife
Ingold,http://lotr.wikia.com//wiki/Ingold,Human,"Late ,Third Age",Male,"Early ,Fourth Age",,,,
Isengrim Took III,http://lotr.wikia.com//wiki/Isengrim_Took_III,Hobbit,TA 2832,Male,TA 2930,,,,Not married
Indor,http://lotr.wikia.com//wiki/Indor,Human,"Mid ,First Age",Male,FA 495,,,,Unnamed wife
Ingwion,http://lotr.wikia.com//wiki/Ingwion,Elf,YT,Male,"Unknown, probably still alive",Probably Golden,,,
Isilmo,http://lotr.wikia.com//wiki/Isilmo,Human,"After ,SA 1320",Male,"Before ,SA 1731",,,,Unnamed wife
Ivriniel,http://lotr.wikia.com//wiki/Ivriniel,Human,TA 2947,Female,,,,,
Lalaith,http://lotr.wikia.com//wiki/Lalaith,Human,FA 466,Female,FA 469,Blonde,,,
Larnach,http://lotr.wikia.com//wiki/Larnach,Human,"Late ,First Age",Male,,,,,Unnamed wife
Legolas,http://lotr.wikia.com//wiki/Legolas,Elf,,Male,"Still alive, departed to ,Aman ,FO 120","Uncertain (book), Blonde (films)",,,
Isildur,http://lotr.wikia.com//wiki/Isildur,Human,SA 3209,Male,TA 2,Black,Very tall almost 7'1,"Arnor,Gondor",Unnamed wife
Lindir,http://lotr.wikia.com//wiki/Lindir,Elf,,Male,"Possibly departed to ,Aman",Brown (films),Tall,,
Lindissë,http://lotr.wikia.com//wiki/Lindiss%C3%AB,Human,SA 551,Female,,,,,
Isilmë,http://lotr.wikia.com//wiki/Isilm%C3%AB,Human,SA 532,Female,,,,,
Lindo,http://lotr.wikia.com//wiki/Lindo,Elf,YT,Male,,,,,Vairë
Ivorwen,http://lotr.wikia.com//wiki/Ivorwen,Human,TA 2857,Female,TA 2929,Brown (film),,,Dírhael
Lindórië,http://lotr.wikia.com//wiki/Lind%C3%B3ri%C3%AB,Human,"Late ,Second Age",Female,Late Second Age,,,,Unknown husband
Lenwë,http://lotr.wikia.com//wiki/Lenw%C3%AB,Elf,YT,Male,YT (possibly),,,,Unnamed wife
Lorgan,http://lotr.wikia.com//wiki/Lorgan,Human,"Late ,First Age",Male,Late First Age,,,,
Lothíriel,http://lotr.wikia.com//wiki/Loth%C3%ADriel,Human,TA 2999,Female,,,,Rohan,omer
Léod,http://lotr.wikia.com//wiki/L%C3%A9od,Human,TA 2459,Male,TA 2501,,,,Unnamed wife
Brytta Léofa,http://lotr.wikia.com//wiki/Brytta_L%C3%A9ofa,Human,TA 2752,Male,TA 2842,,,Rohan,Unnamed wife
Lóni,http://lotr.wikia.com//wiki/L%C3%B3ni,Dwarf,"Late ,Third Age",Male,TA 2994,,,,
Lúthien,http://lotr.wikia.com//wiki/L%C3%BAthien,Elf,YT 1200,Female,FA 503,Black,,,Beren Erchamion
Farmer Maggot,http://lotr.wikia.com//wiki/Farmer_Maggot,Hobbit,TA 2948,Male,,Brown,,,Unnamed wife
Mablung the Ranger,http://lotr.wikia.com//wiki/Mablung_the_Ranger,Human,"Late ,Third Age",Male,,Dark,Tall,,
Maglor,http://lotr.wikia.com//wiki/Maglor,Elf,"During the ,Noontide of Valinor",Male,Fate unknown,Dark,,,Unnamed wife
Maedhros,http://lotr.wikia.com//wiki/Maedhros,Elf,"During the ,Noontide of Valinor",Male,FA 587,Dark red,Tall,,
Mahtan,http://lotr.wikia.com//wiki/Mahtan,Elf,UnknownYT,Male,Still alive,Brown with copperlike-red,,,Unnamed wife
Magor,http://lotr.wikia.com//wiki/Magor,Human,F.A. 341,Male,,,,,
Mairen,http://lotr.wikia.com//wiki/Mairen,Human,SA 377,Female,,,,,
Malach,http://lotr.wikia.com//wiki/Malach,Human,FA 307,Male,FA 398,,,,Meldis
Maeglin,http://lotr.wikia.com//wiki/Maeglin,Elf,FA 320,Male,FA 510,Black,Tall,,
Malvegil,http://lotr.wikia.com//wiki/Malvegil,Human,TA 1144,Male,TA 1349,,,Arthedain,Unnamed wife
Manthor,http://lotr.wikia.com//wiki/Manthor,Human,"Late ,First Age",Male,Late First Age,,,,
Manwendil,http://lotr.wikia.com//wiki/Manwendil,Human,"After ,SA 61",Male,"Early ,Second Age",,,,Possible unnamed wife
Malva Headstrong Brandybuck,http://lotr.wikia.com//wiki/Malva_%22Headstrong%22_Brandybuck,Hobbit,,,,,,,
Mallor,http://lotr.wikia.com//wiki/Mallor,Human,TA 895,Male,TA 1110,,,"Arthedain,Arnor",Unnamed wife
Marach,http://lotr.wikia.com//wiki/Marach,Human,FA 282,Male,FA 376,,,,Unnamed wife
Marcho,http://lotr.wikia.com//wiki/Marcho,Hobbit,TA 1557,Male,"Sometime after ,TA 1601",,,,
Mardil Voronwë,http://lotr.wikia.com//wiki/Mardil_Voronw%C3%AB,Human,TA 1960,Male,TA 2080,,,,Unnamed wife
Malbeth the Seer,http://lotr.wikia.com//wiki/Malbeth_the_Seer,Human,"Mid ,Third Age",Male,Mid Third Age,"Dark, later grey ",,,"Unknown, possible none"
Marhwini,http://lotr.wikia.com//wiki/Marhwini,Human,"Mid-,Third Age",Male,Mid-Third Age,,,,Unnamed wife
Marmadas Brandybuck,http://lotr.wikia.com//wiki/Marmadas_Brandybuck,Hobbit,SR 1343,Male,,,,,Unnamed wife
Master of Laketown,http://lotr.wikia.com//wiki/Master_of_Laketown,Human,TA 2890,Male,TA 2941,Auburn (film),"Tall (6'4"")",Lake-town,
Meneldil,http://lotr.wikia.com//wiki/Meneldil,Human,SA 3318,Male,TA 158,,,Gondor,Unnamed wife
Meleth,http://lotr.wikia.com//wiki/Meleth,Human,Around FA 450,Female,,,,,Agathor
Meril-i-Turinqi,http://lotr.wikia.com//wiki/Meril-i-Turinqi,Elf,YT,Female,"Unknown, presumably still alive",,,Tol Eressëa,
Merimas Brandybuck,http://lotr.wikia.com//wiki/Merimas_Brandybuck,Hobbit,SR 1381,Male,"Early-,Fourth Age",,,,
Minohtar,http://lotr.wikia.com//wiki/Minohtar,Human,"Mid ,Third Age",Male,"July 13 ,1944",,,,
Marroc Brandybuck,http://lotr.wikia.com//wiki/Marroc_Brandybuck,Hobbit,SR 1182,Male,,,,,Unnamed wife
Marhari,http://lotr.wikia.com//wiki/Marhari,Human,"Mid ,Third Age",Male,TA 1856,,,,Unnamed wife
Minardil,http://lotr.wikia.com//wiki/Minardil,Human,TA 1454,Male,TA 1634,,,Gondor,Unnamed wife
Mithrellas,http://lotr.wikia.com//wiki/Mithrellas,Elf,,Female,,,,,Imrazôr
Morwen,http://lotr.wikia.com//wiki/Morwen,Human,FA 443,Female,FA 500,"Dark, grey in old age",Tall,,Húrin Thalion
Morwen (Gondor),http://lotr.wikia.com//wiki/Morwen_(Gondor),Human,"Late 26th century ,Third Age",Female,"Late ,Third Age",,,,Unnamed husband
Morwë,http://lotr.wikia.com//wiki/Morw%C3%AB,Elf,"Perhaps ,Firstborn",,,,,,
Míriel,http://lotr.wikia.com//wiki/M%C3%ADriel,Elf,,Female,YT 1170,Silver,,,Finwë
Mîm,http://lotr.wikia.com//wiki/M%C3%AEm,Dwarf,"Early ,First Age",Male,FA 502,,,,Unnamed wife
Narmacil I,http://lotr.wikia.com//wiki/Narmacil_I,Human,TA 1049,Male,TA 1294,,,Gondor,"Unknown, possibly none as he had no children"
Nessanië,http://lotr.wikia.com//wiki/Nessani%C3%AB,Human,SA 840,Female,"Mid ,Second Age",,,,
Nimrodel,http://lotr.wikia.com//wiki/Nimrodel,Elf,YT,Female,TA 1981,Possibly golden,,,"Loved ,Amroth"
Nerdanel,http://lotr.wikia.com//wiki/Nerdanel,Elf,"YT, during the ,Noontide of Valinor",Female,Still alive,Reddish brown,,,Fëanor
Naugladur,http://lotr.wikia.com//wiki/Naugladur,Dwarf,,Male,FA 503,,,,
Nina Lightfoot,http://lotr.wikia.com//wiki/Nina_Lightfoot,Hobbit,SR 1261,Female,,,,Shire,Theobald Bolger
Nolondil,http://lotr.wikia.com//wiki/Nolondil,Human,SA 222,Male,"Early ,Second Age",,,,Unnamed wife
Niënor,http://lotr.wikia.com//wiki/Ni%C3%ABnor,Human,FA 473,Female,FA 499,Golden,Tall,,Túrin Turambar
Nob,http://lotr.wikia.com//wiki/Nob,Hobbit,"Late ,Third Age",Male,,,,,
Narmacil II,http://lotr.wikia.com//wiki/Narmacil_II,Human,TA 1684,Male,TA 1856,,,,Unnamed wife
Náin I,http://lotr.wikia.com//wiki/N%C3%A1in_I,Dwarf,TA 1832,Male,TA 1981,,,Khazad-dûm,Unnamed wife
Náin II,http://lotr.wikia.com//wiki/N%C3%A1in_II,Dwarf,TA 2338,Male,TA 2585,,,Grey Mountains,Unnamed wife
Náli,http://lotr.wikia.com//wiki/N%C3%A1li,Dwarf,"Late ,Third Age",Male,TA 2994,,,,
Nár,http://lotr.wikia.com//wiki/N%C3%A1r,Dwarf,"Late ,Third Age",Male,Late Third Age,,,,
Númendil,http://lotr.wikia.com//wiki/N%C3%BAmendil,Human,Late Second Age,Male,SA 3065,,,,Unnamed wife
Núneth,http://lotr.wikia.com//wiki/N%C3%BAneth,Human,"Early ,Second Age",Female,,,,,Beregar
Nurwë,http://lotr.wikia.com//wiki/Nurw%C3%AB,Elf,"Perhaps ,Firstborn",,,,,,
Nori,http://lotr.wikia.com//wiki/Nori,Dwarf,TA 2837,Male,,,,,
Náin (father of Dáin II Ironfoot),http://lotr.wikia.com//wiki/N%C3%A1in_(father_of_D%C3%A1in_II_Ironfoot),Dwarf,TA 2665,Male,TA 2799,,,,Unnamed wife
Old Noakes,http://lotr.wikia.com//wiki/Old_Noakes,Hobbit,TA 2923,Male,"Early ,Fourth Age",,,,Unnamed wife
Olwë,http://lotr.wikia.com//wiki/Olw%C3%AB,Elf,Possibly Firstborn,Male,Still Alive,Silver,,"Tol Eressëa,Alqualondë",Unnamed Wife
Orchaldor,http://lotr.wikia.com//wiki/Orchaldor,Human,"Sometime before ,SA 799",Male,,,,,Ailinel
Ondoher,http://lotr.wikia.com//wiki/Ondoher,Human,TA 1787,Male,TA 1944,,,Gondor,Unnamed wife
Ori,http://lotr.wikia.com//wiki/Ori,Dwarf,TA 2865,Male,TA 2994,,,,
Orodreth,http://lotr.wikia.com//wiki/Orodreth,Elf,YT,Male,"FA 495 ,Battle of Tumhalad",Golden,,Nargothrond,Unnamed wife
Orodreth (Steward),http://lotr.wikia.com//wiki/Orodreth_(Steward),Human,TA 2576,Male,TA 2685,,,,Unnamed wife
Oromendil,http://lotr.wikia.com//wiki/Oromendil,Human,SA 382,Male,,,,,
Ohtar,http://lotr.wikia.com//wiki/Ohtar,Human,"Late ,Second Age",Male,,,,,
Ostoher,http://lotr.wikia.com//wiki/Ostoher,Human,TA 222,Male,TA 492,,,Gondor,Unnamed wife
Orophin,http://lotr.wikia.com//wiki/Orophin,Elf,,Male,,,,,
Pelendur,http://lotr.wikia.com//wiki/Pelendur,Human,TA 1879,Male,TA 1998,,,,
Mrs. Proudfoot,http://lotr.wikia.com//wiki/Mrs._Proudfoot,Hobbit,"Late ,Third Age",Female,,,,,Odo Proudfoot
Pengolodh,http://lotr.wikia.com//wiki/Pengolodh,Elf,"Early ,First Age",Male,,,Tallest of the Elves of Gondolin,,
Otho Sackville-Baggins,http://lotr.wikia.com//wiki/Otho_Sackville-Baggins,Hobbit,TA 2910,Male,TA 3012,,"1.22m (4'0"")",,Lobelia Sackville-Baggins
Odo Proudfoot,http://lotr.wikia.com//wiki/Odo_Proudfoot,Hobbit,TA 2904,Male,TA 3005,Brown Gray (movie),,,Mrs. Proudfoot
Radhruin,http://lotr.wikia.com//wiki/Radhruin,Human,"Late ,First Age",Male,FA 460,,,,
Oropher,http://lotr.wikia.com//wiki/Oropher,Elf,First Age,Male,SA 3434,,,Woodland Realm,Unnamed wife
Ragnir,http://lotr.wikia.com//wiki/Ragnir,Human,"Late ,First Age",Male,Late First Age,,,,
Ragnor,http://lotr.wikia.com//wiki/Ragnor,Human,"Mid ,First Age",Male,FA 460,,,,
Rían,http://lotr.wikia.com//wiki/R%C3%ADan,Human,FA 450,Female,FA 473,,,,Huor
Rían (Gondor),http://lotr.wikia.com//wiki/R%C3%ADan_(Gondor),Human,c. T.A. 2328,Female,,,,,Unnamed husband
Rowan Greenhand,http://lotr.wikia.com//wiki/Rowan_Greenhand,Hobbit,TA 2849,Male,"Late ,Third Age",,,Shire,Belba Baggins
Rudigar Bolger,http://lotr.wikia.com//wiki/Rudigar_Bolger,Hobbit,SR 1255,Male,SR 1348,,,Bree,Belba Baggins
Rufus Burrows,http://lotr.wikia.com//wiki/Rufus_Burrows,Hobbit,,Male,,,,,Asphodel Brandybuck
Rómendacil I,http://lotr.wikia.com//wiki/R%C3%B3mendacil_I,Human,TA 310,Male,TA 541,,,Gondor,Unnamed wife
Lobelia Sackville-Baggins,http://lotr.wikia.com//wiki/Lobelia_Sackville-Baggins,Hobbit,TA 2918,Female,TA 3020,,"1.17m (3'10"")",,Otho Sackville-Baggins
Rúmil (Noldo),http://lotr.wikia.com//wiki/R%C3%BAmil_(Noldo),Elf,YT,Male,,,,,
Lotho Sackville-Baggins,http://lotr.wikia.com//wiki/Lotho_Sackville-Baggins,Hobbit,TA 2964,Male,TA 3019,Sandy,"1.22m (4'0"") ",,
Sadoc Brandybuck,http://lotr.wikia.com//wiki/Sadoc_Brandybuck,Hobbit,SR 1179,Male,,,,,Unnamed wife
Sador,http://lotr.wikia.com//wiki/Sador,Human,"about ,FA 430",Male,FA 495,,,,None known
Saelon,http://lotr.wikia.com//wiki/Saelon,Human,Fourth Age,Male,,,,,
Rúmil of Lórien,http://lotr.wikia.com//wiki/R%C3%BAmil_of_L%C3%B3rien,Elf,,Male,,,,,
Sagroth,http://lotr.wikia.com//wiki/Sagroth,Human,,Male,,,,,
Rómendacil II,http://lotr.wikia.com//wiki/R%C3%B3mendacil_II,Human,TA 1126,Male,TA 1366,,,Gondor,Unnamed wife
Silmariën,http://lotr.wikia.com//wiki/Silmari%C3%ABn,Human,SA 521,Female,,,,,Elatan
Sangahyando,http://lotr.wikia.com//wiki/Sangahyando,Human,"Mid-,Third Age",Male,,,,,
Siriondil,http://lotr.wikia.com//wiki/Siriondil,Human,TA 570,Male,TA 830,,,Gondor,Unnamed wife
Saradas Brandybuck,http://lotr.wikia.com//wiki/Saradas_Brandybuck,Hobbit,SR 1308,Male,SR 1407,,,,
Robin Smallburrow,http://lotr.wikia.com//wiki/Robin_Smallburrow,Hobbit,"Late ,Third Age",Male,,,,,
Soronto,http://lotr.wikia.com//wiki/Soronto,Human,SA 799,Male,"Early ,Second Age",,,,
Morwen Steelsheen,http://lotr.wikia.com//wiki/Morwen_Steelsheen,Human,TA 2922,Female,,Dark,Tall,Rohan,Thengel
Tar-Alcarin,http://lotr.wikia.com//wiki/Tar-Alcarin,Human,SA 2406,Male,SA 2737,,,Númenor,Unnamed wife
Ted Sandyman,http://lotr.wikia.com//wiki/Ted_Sandyman,Hobbit,TA 2920,Male,FO 50,,,,
Tar-Aldarion,http://lotr.wikia.com//wiki/Tar-Aldarion,Human,SA 700,Male,SA 1098,,,Númenor,Erendis
Tar-Amandil,http://lotr.wikia.com//wiki/Tar-Amandil,Human,SA 192,Male,SA 603,,,Númenor,Unnamed wife
Tar-Ancalimon,http://lotr.wikia.com//wiki/Tar-Ancalimon,Human,SA 1986,Male,SA 2386,,,Númenor,Unnamed wife
Tar-Anárion,http://lotr.wikia.com//wiki/Tar-An%C3%A1rion,Human,SA 1003,Male,SA 1404,,,Númenor,Unnamed wife
Tar-Ardamin,http://lotr.wikia.com//wiki/Tar-Ardamin,Human,SA 2618,Male,SA 2899,,,Númenor,Unnamed wife
Tar-Atanamir,http://lotr.wikia.com//wiki/Tar-Atanamir,Human,SA 1800,Male,SA 2221,,,Númenor,Unnamed wife
Tar-Calmacil,http://lotr.wikia.com//wiki/Tar-Calmacil,Human,SA 2516,Male,SA 2825,,,Númenor,Unnamed wife
Tar-Ciryatan,http://lotr.wikia.com//wiki/Tar-Ciryatan,Human,SA 1634,Male,SA 2035,,,Númenor,Unnamed wife
Tar-Elendil,http://lotr.wikia.com//wiki/Tar-Elendil,Human,SA 350,Male,SA 751,,,Númenor,Unnamed wife
Tar-Ancalimë,http://lotr.wikia.com//wiki/Tar-Ancalim%C3%AB,Human,SA 873,Female,SA 1285,,,Númenor,Hallacar
Tar-Palantir,http://lotr.wikia.com//wiki/Tar-Palantir,Human,SA 3035,Male,SA 3255,,,Númenor,Unnamed wife
Tar-Súrion,http://lotr.wikia.com//wiki/Tar-S%C3%BArion,Human,SA 1174,Male,SA 1574,,,Númenor,Unnamed wife
Tar-Minastir,http://lotr.wikia.com//wiki/Tar-Minastir,Human,SA 1474,Male,SA 1873,,,Númenor,Unnamed wife
Tar-Míriel,http://lotr.wikia.com//wiki/Tar-M%C3%ADriel,Human,SA 3117,Female,SA 3319,,,Númenor,Ar-Pharazôn
Tar-Telperiën,http://lotr.wikia.com//wiki/Tar-Telperi%C3%ABn,Human,SA 1320,Female,SA 1731,,,Númenor,
Tar-Vanimeldë,http://lotr.wikia.com//wiki/Tar-Vanimeld%C3%AB,Human,SA 2277,Female,SA 2637,,,Númenor,Herucalmo
Tarannon Falastur,http://lotr.wikia.com//wiki/Tarannon_Falastur,Human,TA 654,Male,TA 913,,,Gondor,Berúthiel
Tar-Telemmaitë,http://lotr.wikia.com//wiki/Tar-Telemmait%C3%AB,Human,SA 2136,Male,SA 2526,,,Númenor,Unnamed wife
Tarcil,http://lotr.wikia.com//wiki/Tarcil,Human,TA 280,Male,TA 515,,,Arnor,Unnamed wife
Tar-Meneldur,http://lotr.wikia.com//wiki/Tar-Meneldur,Human,SA 543,Male,SA 942,,,Númenor,Almarian
Targon,http://lotr.wikia.com//wiki/Targon,Human,"Late ,Third Age",Male,,,,,
Tata,http://lotr.wikia.com//wiki/Tata,Elf,"Unknown, awakened in the ,Years of the Trees",Male,,,,,Tatië
Tatië,http://lotr.wikia.com//wiki/Tati%C3%AB,Elf,"Unknown, awakened in the ,Years of the Trees",Female,,,,,Tata
Tarciryan,http://lotr.wikia.com//wiki/Tarciryan,Human,"After ,TA 654",Male,"Before ,TA 913",,,,Unnamed wife
Telchar,http://lotr.wikia.com//wiki/Telchar,Dwarf,First Age,Male,First Age,,,,
Telemnar,http://lotr.wikia.com//wiki/Telemnar,Human,TA 1516,Male,TA 1636,,,Gondor,Unnamed wife
Telumehtar,http://lotr.wikia.com//wiki/Telumehtar,Human,TA 1632,Male,TA 1850,,,Gondor,Unnamed wife
The King of the Dead,http://lotr.wikia.com//wiki/The_King_of_the_Dead,Human,Second Age,Male,"Sometime after the ,War of the Last Alliance",,Tall,"White Mountains,Paths of the Dead",
Tarondor,http://lotr.wikia.com//wiki/Tarondor,Human,TA 1577,Male,TA 1798,,,Gondor,Unnamed wife
Tarondor of Arnor,http://lotr.wikia.com//wiki/Tarondor_of_Arnor,Human,TA 372,Male,TA 602,,,Arnor,Unnamed wife
User:Technobliterator/Showcase,http://lotr.wikia.com//wiki/User:Technobliterator/Showcase,Hobbit,,,,,,,
Thengel,http://lotr.wikia.com//wiki/Thengel,Human,TA 2905,Male,TA 2980,,,Rohan,Morwen Steelsheen
Thorondir,http://lotr.wikia.com//wiki/Thorondir,Human,TA 2782,Male,TA 2882,,,,Unnamed wife
Thranduil,http://lotr.wikia.com//wiki/Thranduil,Elf,First Age,Male,"Presumably departed to ,Aman",Golden,Tall,"Woodland Realm,Mirkwood",Unnamed wife
Thráin I,http://lotr.wikia.com//wiki/Thr%C3%A1in_I,Dwarf,TA 1934,Male,TA 2190,,,Khazad-dûm,Unnamed wife
Thorin II Oakenshield,http://lotr.wikia.com//wiki/Thorin_II_Oakenshield,Dwarf,TA 2746,Male,"November 23, TA 2941",,,Ered Luin,
Thráin II,http://lotr.wikia.com//wiki/Thr%C3%A1in_II,Dwarf,TA 2644,Male,TA 2850,,,Lonely Mountain,Unnamed wife
Thorin III Stonehelm,http://lotr.wikia.com//wiki/Thorin_III_Stonehelm,Dwarf,TA 2866,Male,"FO 137,(aged 280)",,,"Lonely Mountain,Iron Hills",
Thrór,http://lotr.wikia.com//wiki/Thr%C3%B3r,Dwarf,TA 2542,Male,TA 2790,Grey-white,,"Grey Mountains,Lonely Mountain",Unnamed wife
Théoden,http://lotr.wikia.com//wiki/Th%C3%A9oden,Human,"TA 2948 ,Gondor",Male,"March 15 ,3019",White with braids (book) Blonde (films),Tall,,Elfhild
Théodred,http://lotr.wikia.com//wiki/Th%C3%A9odred,Human,TA 2978,Male,"February 25 ,3019",,,,
Tindómiel,http://lotr.wikia.com//wiki/Tind%C3%B3miel,Human,"After ,SA 61",Female,"Early ,Second Age",,,,
Thorin I,http://lotr.wikia.com//wiki/Thorin_I,Dwarf,TA 2035,Male,TA 2289,,,"Lonely Mountain,Grey Mountains",Unnamed wife
Faramir Took I,http://lotr.wikia.com//wiki/Faramir_Took_I,Hobbit,FO 10,Male,FO 112,,,,Goldilocks Gardner
Isumbras Took I,http://lotr.wikia.com//wiki/Isumbras_Took_I,Hobbit,TA 2295,Male,TA 2398,,,,
Fortinbras Took II,http://lotr.wikia.com//wiki/Fortinbras_Took_II,Hobbit,TA 2878,Male,TA 2980,,,,Lalia Clayhanger
Isumbras Took III,http://lotr.wikia.com//wiki/Isumbras_Took_III,Hobbit,TA 2666,Male,TA 2759,,,,Unnamed wife
Adalgrim Took,http://lotr.wikia.com//wiki/Adalgrim_Took,Hobbit,TA 2880,Male,TA 2982,,,,Unnamed wife
Adamanta (Chubb) Took,http://lotr.wikia.com//wiki/Adamanta_(Chubb)_Took,Hobbit,TA 2817,Female,TA 2923,,,,"Gerontius ""The Old"" Took"
Isengrim Took II,http://lotr.wikia.com//wiki/Isengrim_Took_II,Hobbit,TA 2620,Male,TA 2722,,,,Unnamed wife
Adelard Took,http://lotr.wikia.com//wiki/Adelard_Took,Hobbit,TA 2928,Male,FO 2,,,,Unnamed wife
Ferumbras III Took,http://lotr.wikia.com//wiki/Ferumbras_III_Took,Hobbit,TA 2916,Male,TA 3015,,,,
Bandobras Took,http://lotr.wikia.com//wiki/Bandobras_Took,Hobbit,TA 2701,Male,TA 2800,,"1.35m (4'5"")",,Unnamed wife
Hildifons Took,http://lotr.wikia.com//wiki/Hildifons_Took,Hobbit,TA 2844,Male,,,,,
Isembard Took,http://lotr.wikia.com//wiki/Isembard_Took,Hobbit,TA 2847,Male,"TA 2946, (SR 1346",,,,
Hildigrim Took,http://lotr.wikia.com//wiki/Hildigrim_Took,Hobbit,SR 1240,Male,SR 1341,,,,Rosa Baggins
Gerontius Took,http://lotr.wikia.com//wiki/Gerontius_Took,Hobbit,TA 2790,Male,TA 2920,,,,Adamanta Chubb
Hildibrand Took,http://lotr.wikia.com//wiki/Hildibrand_Took,Hobbit,TA 2849,Male,TA 2934,,,,
Paladin Took II,http://lotr.wikia.com//wiki/Paladin_Took_II,Hobbit,TA 2933,Male,FO 13,,,,Eglantine Banks
Pearl Took,http://lotr.wikia.com//wiki/Pearl_Took,Hobbit,TA 2975,Female,"before ,FO 63",,,,
Peregrin Took,http://lotr.wikia.com//wiki/Peregrin_Took,Hobbit,TA 2990,Male,FO 65,Almost golden,"1.34m (4'5"")",,Diamond of Long Cleeve
Rosa (Baggins) Took,http://lotr.wikia.com//wiki/Rosa_(Baggins)_Took,Hobbit,SR 1256,Female,,,,,Hildigrim Took
Sigismond Took,http://lotr.wikia.com//wiki/Sigismond_Took,Hobbit,TA 2890,Male,TA 2981,,,,Unnamed wife
Turgon,http://lotr.wikia.com//wiki/Turgon,Elf,YT 1300,Male,FA 510,Dark,,"Nevrast,Gondolin",Elenwë
Turgon (Steward),http://lotr.wikia.com//wiki/Turgon_(Steward),Human,TA 2855,Male,TA 2953,,,,Unnamed wife
Túrin,http://lotr.wikia.com//wiki/T%C3%BArin,Human,FA 464,Male,FA 499,Dark,Tall,,Nienor
Tulkastor,http://lotr.wikia.com//wiki/Tulkastor,Elf,YT,Male,,,,,Unnamed wife
Tuor,http://lotr.wikia.com//wiki/Tuor,Human,FA 472,Male,None; sailed into the West and was accounted amongst the Eldar,Golden,Tall,,Idril Celebrindal
Turambar,http://lotr.wikia.com//wiki/Turambar,Human,TA 397,Male,TA 667,,,Gondor,Unnamed wife
Uldor,http://lotr.wikia.com//wiki/Uldor,Human,"Mid ,First Age",Male,FA 473,,,,
Túrin II,http://lotr.wikia.com//wiki/T%C3%BArin_II,Human,TA 2815,Male,TA 2914,,,,Unnamed wife
Ulfang,http://lotr.wikia.com//wiki/Ulfang,Human,"Late ,First Age",Male,FA 473,,,,Unnamed wife
Ulfast,http://lotr.wikia.com//wiki/Ulfast,Human,"Mid ,First Age",Male,FA 473,,,,
Ulbar,http://lotr.wikia.com//wiki/Ulbar,Human,"Early ,Second Age",Male,Mid Second Age,,,,Unnamed wife
Túrin I,http://lotr.wikia.com//wiki/T%C3%BArin_I,Human,TA 2165,Male,TA 2278,,,,Unnamed wife
Urthel,http://lotr.wikia.com//wiki/Urthel,Human,"Late ,First Age",Male,FA 460,,,,
Ulwarth,http://lotr.wikia.com//wiki/Ulwarth,Human,"Mid ,First Age",Male,FA 473,,,,
Vairë (Elf),http://lotr.wikia.com//wiki/Vair%C3%AB_(Elf),Elf,YT,Female,,,,,Lindo
Valacar,http://lotr.wikia.com//wiki/Valacar,Human,TA 1194,Male,TA 1432,,,Gondor,Vidumavi
Valandil,http://lotr.wikia.com//wiki/Valandil,Human,SA 3430,Male,TA 249,,,Arnor,Unnamed wife
Valandur,http://lotr.wikia.com//wiki/Valandur,Human,TA 462,Male,TA 652,,,Arnor,Unnamed wife
Valandil of Andúnië,http://lotr.wikia.com//wiki/Valandil_of_And%C3%BAni%C3%AB,Human,"Early ,Second Age",Male,"Early ,Second Age",,,,
Vidugavia,http://lotr.wikia.com//wiki/Vidugavia,Human,"Mid-,Third Age",Male,,,,Rhovanion,Unnamed wife
Vardamir Nólimon,http://lotr.wikia.com//wiki/Vardamir_N%C3%B3limon,Human,SA 61,Male,SA 471,,,Númenor,Unnamed wife
Vardilmë,http://lotr.wikia.com//wiki/Vardilm%C3%AB,Human,SA 203,Female,"Early ,Second Age",,,,
Vidumavi,http://lotr.wikia.com//wiki/Vidumavi,Human,"Before ,TA 1255",Female,TA 1344,,,,Valacar
Vorondil,http://lotr.wikia.com//wiki/Vorondil,Human,TA 1919,Male,TA 2029,,,,Unnamed wife
Voronwë,http://lotr.wikia.com//wiki/Voronw%C3%AB,Elf,First Age,Male,,,,,None known
Vëantur,http://lotr.wikia.com//wiki/V%C3%ABantur,Human,SA 425,Male,"Early ,Second Age",,,,Unnamed wife
Walda,http://lotr.wikia.com//wiki/Walda,Human,TA 2780,Male,TA 2851,,,,Unnamed wife
Willie Banks,http://lotr.wikia.com//wiki/Willie_Banks,Hobbit,"Late ,Third Age",Male,"Early ,TA 3019",,,Bree,
Wiseman Gamwich,http://lotr.wikia.com//wiki/Wiseman_Gamwich,Hobbit,TA 2800,Male,,,,,Unnamed wife
Wulf I,http://lotr.wikia.com//wiki/Wulf_I,Human,"Late ,Third Age",Male,TA 2759,,,Rohan,
Wídfara,http://lotr.wikia.com//wiki/W%C3%ADdfara,Human,"Late-,Third Age",Male,"Early-,Fourth Age",,,,Unnamed wife
Írimë,http://lotr.wikia.com//wiki/%C3%8Drim%C3%AB,Elf,,,,,,,
Óin,http://lotr.wikia.com//wiki/%C3%93in,Dwarf,,,,,,,
Yávien,http://lotr.wikia.com//wiki/Y%C3%A1vien,Human,SA 371,Female,,,,,
Dora Baggins,http://lotr.wikia.com//wiki/Dora_Baggins,Hobbit,,,,,,,
Largo Baggins,http://lotr.wikia.com//wiki/Largo_Baggins,Hobbit,,,,,,,
Mimosa (Bunce) Baggins,http://lotr.wikia.com//wiki/Mimosa_(Bunce)_Baggins,Hobbit,,,,,,,
Pansy Baggins,http://lotr.wikia.com//wiki/Pansy_Baggins,Hobbit,,,,,,,
Polo Baggins,http://lotr.wikia.com//wiki/Polo_Baggins,Hobbit,,,,,,,
Ponto Baggins I,http://lotr.wikia.com//wiki/Ponto_Baggins_I,Hobbit,,,,,,,
Bingo Baggins,http://lotr.wikia.com//wiki/Bingo_Baggins,Hobbit,,,,,,,
Chica (Chubb) Baggins,http://lotr.wikia.com//wiki/Chica_(Chubb)_Baggins,Hobbit,,,,,,,
Óin (King of Durin's Folk),http://lotr.wikia.com//wiki/%C3%93in_(King_of_Durin%27s_Folk),Dwarf,,,,,,,
Prisca (Baggins) Bolger,http://lotr.wikia.com//wiki/Prisca_(Baggins)_Bolger,Hobbit,,,,,,,
Rudibert Bolger,http://lotr.wikia.com//wiki/Rudibert_Bolger,Hobbit,,,,,,,
Theobald Bolger,http://lotr.wikia.com//wiki/Theobald_Bolger,Hobbit,,,,,,,
Adalgar Bolger,http://lotr.wikia.com//wiki/Adalgar_Bolger,Hobbit,,,,,,,
Ruby (Bolger) Baggins,http://lotr.wikia.com//wiki/Ruby_(Bolger)_Baggins,Hobbit,,,,,,,
Wilimar Bolger,http://lotr.wikia.com//wiki/Wilimar_Bolger,Hobbit,,,,,,,
Camellia (Sackville) Baggins,http://lotr.wikia.com//wiki/Camellia_(Sackville)_Baggins,Hobbit,,,,,,,
Everard Took,http://lotr.wikia.com//wiki/Everard_Took,Hobbit,,,,,,,
Gundahar Bolger,http://lotr.wikia.com//wiki/Gundahar_Bolger,Hobbit,,,,,,,
Ferdinand Took,http://lotr.wikia.com//wiki/Ferdinand_Took,Hobbit,,,,,,,
Pervinca Took,http://lotr.wikia.com//wiki/Pervinca_Took,Hobbit,,,,,,,
Pimpernel Took,http://lotr.wikia.com//wiki/Pimpernel_Took,Hobbit,,,,,,,
Ferdibrand Took,http://lotr.wikia.com//wiki/Ferdibrand_Took,Hobbit,,,,,,,
Reginard Took,http://lotr.wikia.com//wiki/Reginard_Took,Hobbit,,,,,,,
Flambard Took,http://lotr.wikia.com//wiki/Flambard_Took,Hobbit,,,,,,,
Lalia (Clayhanger) Took,http://lotr.wikia.com//wiki/Lalia_(Clayhanger)_Took,Hobbit,,,,,,,
Ruby Gamgee,http://lotr.wikia.com//wiki/Ruby_Gamgee,Hobbit,,,,,,,
Rudolph Bolger,http://lotr.wikia.com//wiki/Rudolph_Bolger,Hobbit,,,,,,,
Tanta (Hornblower) Baggins,http://lotr.wikia.com//wiki/Tanta_(Hornblower)_Baggins,Hobbit,,,,,,,
Inigo Baggins,http://lotr.wikia.com//wiki/Inigo_Baggins,Hobbit,,,,,,,
Tanta Hornblower,http://lotr.wikia.com//wiki/Tanta_Hornblower,Hobbit,,,,,,,
Tobold Hornblower,http://lotr.wikia.com//wiki/Tobold_Hornblower,Hobbit,,,,,,,
Lily (Baggins) Goodbody,http://lotr.wikia.com//wiki/Lily_(Baggins)_Goodbody,Hobbit,,,,,,,
Togo Goodbody,http://lotr.wikia.com//wiki/Togo_Goodbody,Hobbit,,,,,,,
Goldberry,http://lotr.wikia.com//wiki/Goldberry,Hobbit,,,,,,,
Bell (Goodchild) Gamgee,http://lotr.wikia.com//wiki/Bell_(Goodchild)_Gamgee,Hobbit,,,,,,,
Goldilocks (Gardner) Took,http://lotr.wikia.com//wiki/Goldilocks_(Gardner)_Took,Hobbit,,,,,,,
Merry Gamgee,http://lotr.wikia.com//wiki/Merry_Gamgee,Hobbit,,,,,,,
Bilbo Gamgee,http://lotr.wikia.com//wiki/Bilbo_Gamgee,Hobbit,,,,,,,
Halfast Gamgee,http://lotr.wikia.com//wiki/Halfast_Gamgee,Hobbit,,,,,,,
Rose Gamgee,http://lotr.wikia.com//wiki/Rose_Gamgee,Hobbit,,,,,,,
Pippin Gamgee,http://lotr.wikia.com//wiki/Pippin_Gamgee,Hobbit,,,,,,,
Durin,http://lotr.wikia.com//wiki/Durin,Dwarf,,,,,,,
Poppy (Chubb-Baggins) Bolger,http://lotr.wikia.com//wiki/Poppy_(Chubb-Baggins)_Bolger,Hobbit,,,,,,,
Robin Gardner,http://lotr.wikia.com//wiki/Robin_Gardner,Hobbit,,,,,,,
Primrose Gardner,http://lotr.wikia.com//wiki/Primrose_Gardner,Hobbit,,,,,,,
Hamfast Gardner,http://lotr.wikia.com//wiki/Hamfast_Gardner,Hobbit,,,,,,,
Tolman Cotton Jr.,http://lotr.wikia.com//wiki/Tolman_Cotton_Jr.,Hobbit,TA 2980,Male,FO 60,,,,Marigold Cotton
Carl Cotton,http://lotr.wikia.com//wiki/Carl_Cotton,Hobbit,,,,,,,
Wilcome Cotton,http://lotr.wikia.com//wiki/Wilcome_Cotton,Hobbit,,,,,,,
Doderic Brandybuck,http://lotr.wikia.com//wiki/Doderic_Brandybuck,Hobbit,,,,,,,
Daisy Gamgee,http://lotr.wikia.com//wiki/Daisy_Gamgee,Hobbit,,,,,,,
Berilac Brandybuck,http://lotr.wikia.com//wiki/Berilac_Brandybuck,Hobbit,,,,,,,
Gorbadoc Brandybuck,http://lotr.wikia.com//wiki/Gorbadoc_Brandybuck,Hobbit,,,,,,,
Marmadoc Brandybuck,http://lotr.wikia.com//wiki/Marmadoc_Brandybuck,Hobbit,,,,,,,
Ilberic Brandybuck,http://lotr.wikia.com//wiki/Ilberic_Brandybuck,Hobbit,,,,,,,
Orgulas Brandybuck,http://lotr.wikia.com//wiki/Orgulas_Brandybuck,Hobbit,,,,,,,
Rorimac Brandybuck,http://lotr.wikia.com//wiki/Rorimac_Brandybuck,Hobbit,,,,,,,
Merimac Brandybuck,http://lotr.wikia.com//wiki/Merimac_Brandybuck,Hobbit,,,,,,,
Salvia (Brandybuck) Bolger,http://lotr.wikia.com//wiki/Salvia_(Brandybuck)_Bolger,Hobbit,,,,,,,
Bilbo Gardner,http://lotr.wikia.com//wiki/Bilbo_Gardner,Hobbit,,,,,,,
Briffo Boffin,http://lotr.wikia.com//wiki/Briffo_Boffin,Hobbit,,,,,,,
Gruffo Boffin,http://lotr.wikia.com//wiki/Gruffo_Boffin,Hobbit,,,,,,,
Lavender (Grubb) Boffin,http://lotr.wikia.com//wiki/Lavender_(Grubb)_Boffin,Hobbit,,,,,,,
Uffo Boffin,http://lotr.wikia.com//wiki/Uffo_Boffin,Hobbit,,,,,,,
Bodo Proudfoot,http://lotr.wikia.com//wiki/Bodo_Proudfoot,Hobbit,,,,,,,
Sancho Proudfoot,http://lotr.wikia.com//wiki/Sancho_Proudfoot,Hobbit,,,,,,,
Olo Proudfoot,http://lotr.wikia.com//wiki/Olo_Proudfoot,Hobbit,,,,,,,
Saradoc Brandybuck,http://lotr.wikia.com//wiki/Saradoc_Brandybuck,Hobbit,,,,,,,
Nimloth (elf),http://lotr.wikia.com//wiki/Nimloth_(elf),Elf,"Unknown, possibly sometime during the ,Years of the Trees",Female,FA 506,,,Doriath,Dior Eluchíl
Linda (Baggins) Proudfoot,http://lotr.wikia.com//wiki/Linda_(Baggins)_Proudfoot,Hobbit,,,,,,,
Gríma Wormtongue,http://lotr.wikia.com//wiki/Gr%C3%ADma_Wormtongue,Human,TA 2974,Male,"November 3 ,3019",Black,,,
Gollum,http://lotr.wikia.com//wiki/Gollum,Hobbit,TA 2430,Male,"March 25 ,3019",,,,
Legolas (elf of Gondolin),http://lotr.wikia.com//wiki/Legolas_(elf_of_Gondolin),Elf,,Male,,,,,
Gandalf,http://lotr.wikia.com//wiki/Gandalf,Maiar,Before the the Shaping of Arda,Male,"January 253019 ,Battle of the Peak immortal","Grey, later white",,,
Radagast,http://lotr.wikia.com//wiki/Radagast,Maiar,"Before the creation of ,Arda",Male,,Brown-gray (films),,,
Tilion,http://lotr.wikia.com//wiki/Tilion,Maiar,Before the creation of Arda,Male,Immortal,,,,
Elemmakil,http://lotr.wikia.com//wiki/Elemmakil,Elf,,Male,"FA 510,(presumably)",,,,
Saruman,http://lotr.wikia.com//wiki/Saruman,Maiar,"Before the creation of ,Arda",Male,"3 November ,3019",White,,"Isengard,Nan Curunír",
Sauron,http://lotr.wikia.com//wiki/Sauron,Maiar,"Before the creation of ,Arda",Male,"March 25 ,3019",Various,Various until,,
Eönwë,http://lotr.wikia.com//wiki/E%C3%B6nw%C3%AB,Maiar,"Before the creation of ,Arda",Male,Immortal,,,,
Durin's Bane,http://lotr.wikia.com//wiki/Durin%27s_Bane,Maiar,"Before the creation of ,Arda",Male,January 253019,Mane of red flames,"Slightly larger and taller than a Man (book), 20 feet (movie)",,
Alatar,http://lotr.wikia.com//wiki/Alatar,Maiar,Before the creation of Arda,Male,,,,,
Arien,http://lotr.wikia.com//wiki/Arien,Maiar,"Before the creation of ,Arda",Female,Immortal,,,,
Uinen,http://lotr.wikia.com//wiki/Uinen,Maiar,"Before the creation of ,Arda",Female,Immortal,,,,Ossë
Mosco Burrows,http://lotr.wikia.com//wiki/Mosco_Burrows,Hobbit,,,,,,,
Myrtle Burrows,http://lotr.wikia.com//wiki/Myrtle_Burrows,Hobbit,,,,,,,
Pallando,http://lotr.wikia.com//wiki/Pallando,Maiar,Before the creation of Arda,Male,,,,,
Moro Burrows,http://lotr.wikia.com//wiki/Moro_Burrows,Hobbit,,,,,,,
Thingol,http://lotr.wikia.com//wiki/Thingol,Elf,YT 1050,Male,FA 502,Silver,"Tallest of the Elven-folk, 8'2""",Doriath,Melian
Théodwyn,http://lotr.wikia.com//wiki/Th%C3%A9odwyn,Human,,,,,,,
Eärendil,http://lotr.wikia.com//wiki/E%C3%A4rendil,Human,FA 503,Male,Still Alive,Golden,,,Elwing
Harry Goatleaf,http://lotr.wikia.com//wiki/Harry_Goatleaf,Human,"Late ,Third Age",Male,"Presumably sometime after ,TA 3019",,,,
Treebeard,http://lotr.wikia.com//wiki/Treebeard,Ent,YT,Male,,"Leaf, twig and moss like",15'4,,Fimbrethil
Witch-King of Angmar,http://lotr.wikia.com//wiki/Witch-king_of_Angmar,Human,,,,,,,
Mouth of Sauron,http://lotr.wikia.com//wiki/Mouth_of_Sauron,Human,First Age,Male,"Probably died on ,March 25TA 3019, during destruction of ,Mordor",Most likely black or none,"6' 7"" (2.01 m)",,
Irolas,http://lotr.wikia.com//wiki/Irolas,Human,,,,,,,
Lagduf,,Orcs,,Male,"March ,3019",,,,
Fire-drake of Gondolin,,Dragon,,Male,,,,,
Angrim,,,,,,,,,
Angelimar,,,,,,,,,
Penlod,,Elves,,Male,FA 510,,Tall,,
Squint-eyed Southerner,,,,,,,,,
Fimbrethil,,,,,,,,,
Bill Ferny,,Men,"Late ,Third Age",Male,"Early ,Fourth Age",Brown (film),,,
Fastred of Greenholm,,,,,,,,,
Falathar,,,,,,,,,
Elfstan Fairbairn,,,,,,,,,
Snaga (Two Towers orc),,Orcs,,Male,February 293019,,,,
Snaga,,Orcs,,Male,TA 3019,,,,
Smaug,,Dragons,"Unknown, first appeared in ,TA 2770",Male,"November 1 ,TA 2941",,,Lonely Mountain,
Seers,,,,,,,,,
Shelob,,Great Spiders,"Unknown, possibly during the ,First Age",Female,"Unknown, possibly TA 3019",,Large and immense,Torech Ungol,
Shagrat,,Black Uruk,TA 2050,Male,,,7'1,Cirith Ungol,
Scatha,,Dragons,,Male,TA 2000,,,,
Salmar,,Ainur,Before the creation of Arda,Male,Immortal,,,,
Sandyman,,,,,,,,,
Salgant,,Elves,,Male,Fate officially unknown,,Short,,
Saeros,,Elves,YT,Male,FA 484,,,,
Ruffian Leader,,,,,,,,,
Roäc,,Raven,TA 2788,Male,,,,,
Andwise Roper,,,,,,,,,
Rog,,Elves,,Male,FA 510,,,,
River-woman,,,,,,,,,
Radbug,,,,,,,,,
Khîm,,Dwarves,,Male,FA 486,,,,
Khamûl,,"Men,Wraith",Second Age,Male,,White,,"Rhûn,Dol Guldur,Sauron",
Irmo,,Ainur,"Before the creation of ,Arda",Male,Immortal,,,,Estë
Eru Ilúvatar,,God,,Male,,"Varies, White ",Varies,Timeless Halls,
Ilmarë,,Ainur,"Before the creation of ,Arda",Female,,,,,
Hurin (Warden of the Keys),,,,,,,,,
Huan,,Wolfhound,First Age,Male,FA 466,,Horse-sized,,
Estë,,Ainur,"Before the creation of ,Arda",Female,Immortal,,,,Irmo
Éowyn,http://lotr.wikia.com//wiki/%C3%89owyn,Men,TA 2995,Female,FO,Pale gold,Tall,,Faramir
Éomer,http://lotr.wikia.com//wiki/%C3%89omer,Men,TA 2990,Male,FO 63,Dirty blond,Tall-6'6,Rohan,Lothíriel after the War of the Ring
Elwing,,Half-elven,FA 503,Female,Still Alive,Dark,,,Eärendil
Eluréd and Elurín,,Elves,FA 500,Male,FA 506,Possibly dark,,,
Elros,,Half-elven,FA 532,Male,SA 442,,,Númenor,Unnamed wife
Elmo,,,,,,,,,
Egalmoth (elf),,Elves,,Male,FA 538,,,,"Unknown, possibly none"
Ecthelion of the Fountain,,Elves,,Male,FA 510,Dark,,,
Ebor,,,,,,,,,
Ossë,,Ainur,"Before the creation ,Arda",Male,Immortal,,,,Uinen
Oromë,,Ainur,"Before the creation of ,Arda",Male,Immortal,,Varies,,Vána
Orleg,,,,,,,,,
Orcobal,,Orcs,,Male,FA 510,,,,
Old Man Willow,,,,,,,,,
Hild,,,,,,,,,
Herumor (Fourth Age),,Men,FO 41,Male,,,,,
Herumor,,Men,Second Age,Male,,,,,
Mat Heathertoes,,,,,,,,,
Haldar,,,,,,,,,
Haldad,,,,,,,,,
Draugluin,,Werewolves,,Male,FA 465,,,,
Dior,,Half-elven,"FA 470, ",Male,"FA 506, ",Possibly dark,,Doriath,Nimloth
Dina Diggle,,,,,,,,,
Daeron,,Elves,YT,Male,,Dark ,,,
Óin (King of Durin's Folk),,Men,TA 2238,Male,TA 2488,,,Grey Mountains,Unnamed wife
Óin,,Dwarves,TA 2774,Male,TA 2994,,,,
mar,,Ainur,"Before the creation of ,Arda",Male,Immortal,,Various,,
bal,,Men,"Early ,First Age",Male,,,,,
Írimë,,Elves,YT,Female,,,,,
Írildë,http://lotr.wikia.com//wiki/%C3%8Drild%C3%AB,Men,SA 700,Female,,,,,
Éothain,http://lotr.wikia.com//wiki/%C3%89othain,Men,"Late ,Third Age",Male,,,,,
Éomund,http://lotr.wikia.com//wiki/%C3%89omund,Men,TA 2961,Male,TA 3002,Blond,,,Théodwyn
Éofor,http://lotr.wikia.com//wiki/%C3%89ofor,Men,"c. ,TA 2544",Male,,,,,Unnamed wife
Zamîn,,Men,"Early ,Second Age",Female,Early Second Age ,White or grey,,,
Yavanna,,Ainur,"Before the creation of ,Arda",Female,Immortal,,Varies,Pastures of Yavanna,Aulë
Tom Bombadil,,,"Unknown, before the coming of Melkor",Male,"Unknown, possibly immortal",Brown,,Old Forest,Goldberry
Bolg,,"Goblin,Orc",,Male,TA 2941,,"8,4  Body weight = 190kg",,
Boldog (Character),,,,,,,,,
Bodruith,,,,,,,,,
Berúthiel,,Men,"Early  ,Third Age",Female,,,,Gondor,Tarannon Falastur
Nienna,,Ainur,"Before the creation of ,Arda",Female,Immortal,,,"Valinor,Halls of Nienna",
Nielíqui,,Ainur,unknown,Female,Immortal,,Various,,
Nessa,,Ainur,"Before the creation of ,Arda",Female,Immortal,,Varies,Valinor,Tulkas
Nellas,,Elves,,Female,,,,,
Nauglath,,,,,,,,,
Narvi,,,,,,,,,
Nahar,,Horse,,,,,,,
Mûmakil,,,,,,,,,
Muzgash,,Orc,,Male,"March ,3019",,,,
The Moth,,,,,,,,,
Minastan,,,,,,,,,
Meneldor,,Eagles,,Male,,,,,
Men,,,,,,,,,
Melkor,,Ainur,"Before the creation of ,Arda",Male,Immortal,Dark,Any size by choice,"Utumno,Angband,Middle-earth,Beleriand",
Melian,,Ainur,"Before the creation of ,Arda",Female,"Did not die being a ,Maia returned to ,Valinor, after the death of her husband Thingol",Dark,,Doriath,Thingol
Mauhúr,,Uruk-hai,3019,Male,"February 29 ,3019",Black (film),,"Isengard,Saruman",none
Manwë,,Ainur,Before the Creation of Arda,Male,Immortal,,,"Arda,Valinor",Varda
Mandos,,Ainur,Before the creation of Arda,Male,,,,,Vairë
Gwaihir,,Great Eagles,,Male,,,,,
Grishnákh,,Orc,,Male,"February 29 ,3019",,,,
Great Goblin,,Orcs,,Male,"July ,2941",Grey/white strands of hair (film),About nine feet (film),,
Gothmog (Lieutenant of Morgul),,Orc,,Male,"March 15, 3019 (film)","white/gray, possibly light brown (film)","5'9"" - 6'4"" (film)","Minas Morgul,the Witch-King",
Gothmog,,"Maiar,Balrogs","Before the creation of ,Arda",Male,FA 510,,,,
Gostir,,Dragons,,Male,,,,,
"Gormadoc ""Deepdelver"" Brandybuck",,Hobbits,SR 1134,Male,SR 1236,,,Buckland,Malva Headstrong
Gorgol,,,,,,,,,
Gorbag,,"Uruk-hai,Orc",,Male,"March 14 ,3019, slain by ,Shagrat",black,medium,Cirith Ungol,
Golfimbul,,"Orc,Goblin","Unknown, before ,TA 2700",Male,TA 2747,,,Mount Gram,
Glaurung,,Dragons,Presumably after Morgoth's return to Angband,Male,FA 501,,Gigantic,,
Gimli (Elf),,,,,,,,,
Gilmith,,Half-elven,TA 2000,Female,,,,,
Cottar,,,,,,,,,
Cora Goodbody,,,,,,,,,
Carcharoth,,Werewolves,"Before the Creation of ,Arda",Male,FA 466,Black with red stripes,Gigantic,Angband,
Carc,,,,,,,,,
Calimmacil,,,,,,,,,
Barliman Butterbur,,Men,"Late ,Third Age",Male,"Early ,Fourth Age",Brown (movie),,,
Witch-king of Angmar,,"Men,Wraith","Mid-,Second Age",Male,"March 15 ,3019","Brown, graying, later white","7' 1"" (2.13 metres)","Angmar,Minas Morgul,Osgiliath",
Wife of Barach,,,,,,,,,
Widow Rumble,,,,,,,,,
Will Whitfoot,,,,,,,,,
Watcher in the Water,,Urulóki,Possibly pre First Age,Most likely male,Unknown; possibly still alive,,Huge,Doors of Durin,Most likely none
Warg Matriarch,,,,,,,,,
Vëannë,,,,,,,,,
Varda,,Ainur,Before the creation of Arda,Female,Immortal,,,Arda,Manwë
Vairë,,Ainur,Before the creation of Arda,Female,Immortal,,,"Valinor,Halls of Mandos",Mandos
Ungoliant,,Great Spiders,,Female,"Possibly end of ,First Age",,Enormous,,
Ulrad,,,,,,,,,
Ulmo,,Ainur,"Before the creation of ,Arda",Male,Immortal,,,"Valinor,Ulmonan",
Uglúk,,Uruk-hai,3019,Male,February 293019,Dark (movie),"6' 6"" (movie)",Isengard,
Ufthak,,Orc,,Male,3019,,,Cirith Ungol,
Daddy Twofoot,,,,,,,,,
Tulkas,,Ainur,"Before the creation of ,Arda",Male,Immortal,Golden,,"Valinor,House of Tulkas",Nessa
Beleg,,Elves,,Male,FA 489,,,,
Beechbone,,Ents,,Male,"March 3 ,3019",Leafy-hair,Very tall,,
Barahir (Fourth Age),,,,,,,,,
Baldor,,,,,,,,,
Balcmeg,,,,,,,,,
Man in the Moon,,,,,,,,,
"Malva ""Headstrong"" Brandybuck",,Hobbit,,Female,,,,,Gormadoc Brandybuck
Malantur,,,,,,,,,
Mallor (BOH),,,,,,,,,
Mablung,,Elves,,Male,FA 502,,,,
Lungorthin,,Balrog,"Before the creation of ,Arda",Male,First Age,Mane of red flame,,,
Lugdush,,Uruk-hai," ,3019",Male,February 293019,Dark,6'1 (film),,
Letter 211,,,SR 1313,,Between SR 1401-1418,,3'8',,Lilah Took
Landroval,,Eagle,"Possibly ,First Age",Male,Possibly still alive,,,,
Gamil Zirak,,,,,,,,,
Galdor of the Tree,,Elves,,Male,,,,,
Galathil,,Elves,,Male,,,,,Unnamed Wife
Galador,,Half-elven,TA 2004,Male,TA 2129,,,,Unnamed wife
Fíriel Fairbairn,,,,,,,,,
Fuithluin,,,,,,,,,
Fuinur,,Men,Second Age,Male,,,,,
Fladrif,,,,,,,,,
Broncho Stonecrow,,,,,,,,,
Brodda,,,,,,,,,
Bregalad,,Ents,TA 2519,Male,,Leafy-hair,,,
Tolman Gardner,,,,,,,,,
"Tom, Bert, and William",,Stone-trolls,"Third Age, or before",Male,,,About 13',,
Tim,,,,,,,,,
Thuringwethil,,Vampire,,Female,FA 465,,,,
Thorondor,,Great Eagles,"Before the Creation of ,Arda",Male,Immortal,,30,,
Azog,,Orcs,,Male,TA 2799,none,8'5,"Moria,Mount Gundabad",
Aulë,,Ainur,"Before the creation of ,Arda",Male,Immortal,,,,Yavanna
Asgon,,,,,,,,,
Artamir,,,,,,,,,
Ancalagon,,Dragons,Possibly before the Creation of Arda,Male,FA 587,,As tall as a mountain,,
Andvír,,,,,,,,,
Amlach,,,,,,,,,
Aghan,,,,,,,,,
Agathor,,,,,,,,,
Aerandir,,,,,,,,,
Freda,http://lotr.wikia.com//wiki/Freda,Human,,Female,,,,,
Sharku,http://lotr.wikia.com//wiki/Sharku,Orc,,Male,TA 3019,,,,
Madril,http://lotr.wikia.com//wiki/Madril,Human,,Male,TA 3019,,,Gondor,
Gothmog,http://lotr.wikia.com//wiki/Gothmog,Orc,,,TA 3019,,,,
Morwen,http://lotr.wikia.com//wiki/Morwen_(movie_character),Human,,Female,,,,Rohan,
Figwit,http://lotr.wikia.com//wiki/Figwit,Elf,,Male,,,,Rivendell,
MINOR_CHARACTER,,Elf,,Male,,,,,
MINOR_CHARACTER,,,,,,,,,
Éothain,http://lotr.wikia.com//wiki/Éothain_(film_character)t,Human,,Male,,,,Rohan,
